--
-- PostgreSQL database dump
--

-- Dumped from database version 10.9
-- Dumped by pg_dump version 10.9

SET statement_timeout = 0;
SET lock_timeout = 0;
SET idle_in_transaction_session_timeout = 0;
SET client_encoding = 'UTF8';
SET standard_conforming_strings = on;
SELECT pg_catalog.set_config('search_path', '', false);
SET check_function_bodies = false;
SET xmloption = content;
SET client_min_messages = warning;
SET row_security = off;

--
-- Name: dbo; Type: SCHEMA; Schema: -; Owner: postgres
--

CREATE SCHEMA dbo;


ALTER SCHEMA dbo OWNER TO postgres;

--
-- Name: plpgsql; Type: EXTENSION; Schema: -; Owner: 
--

CREATE EXTENSION IF NOT EXISTS plpgsql WITH SCHEMA pg_catalog;


--
-- Name: EXTENSION plpgsql; Type: COMMENT; Schema: -; Owner: 
--

COMMENT ON EXTENSION plpgsql IS 'PL/pgSQL procedural language';


SET default_tablespace = '';

SET default_with_oids = false;

--
-- Name: AspNetRoles; Type: TABLE; Schema: dbo; Owner: postgres
--

CREATE TABLE dbo."AspNetRoles" (
    "Id" character varying(128) DEFAULT ''::character varying NOT NULL,
    "Name" character varying(256) DEFAULT ''::character varying NOT NULL,
    "Discriminator" character varying(128) DEFAULT ''::character varying NOT NULL
);


ALTER TABLE dbo."AspNetRoles" OWNER TO postgres;

--
-- Name: AspNetUserClaims; Type: TABLE; Schema: dbo; Owner: postgres
--

CREATE TABLE dbo."AspNetUserClaims" (
    "Id" integer NOT NULL,
    "UserId" character varying(128) DEFAULT ''::character varying NOT NULL,
    "ClaimType" text,
    "ClaimValue" text
);


ALTER TABLE dbo."AspNetUserClaims" OWNER TO postgres;

--
-- Name: AspNetUserClaims_Id_seq; Type: SEQUENCE; Schema: dbo; Owner: postgres
--

CREATE SEQUENCE dbo."AspNetUserClaims_Id_seq"
    AS integer
    START WITH 1
    INCREMENT BY 1
    NO MINVALUE
    NO MAXVALUE
    CACHE 1;


ALTER TABLE dbo."AspNetUserClaims_Id_seq" OWNER TO postgres;

--
-- Name: AspNetUserClaims_Id_seq; Type: SEQUENCE OWNED BY; Schema: dbo; Owner: postgres
--

ALTER SEQUENCE dbo."AspNetUserClaims_Id_seq" OWNED BY dbo."AspNetUserClaims"."Id";


--
-- Name: AspNetUserLogins; Type: TABLE; Schema: dbo; Owner: postgres
--

CREATE TABLE dbo."AspNetUserLogins" (
    "LoginProvider" character varying(128) DEFAULT ''::character varying NOT NULL,
    "ProviderKey" character varying(128) DEFAULT ''::character varying NOT NULL,
    "UserId" character varying(128) DEFAULT ''::character varying NOT NULL
);


ALTER TABLE dbo."AspNetUserLogins" OWNER TO postgres;

--
-- Name: AspNetUserRoles; Type: TABLE; Schema: dbo; Owner: postgres
--

CREATE TABLE dbo."AspNetUserRoles" (
    "UserId" character varying(128) DEFAULT ''::character varying NOT NULL,
    "RoleId" character varying(128) DEFAULT ''::character varying NOT NULL
);


ALTER TABLE dbo."AspNetUserRoles" OWNER TO postgres;

--
-- Name: AspNetUsers; Type: TABLE; Schema: dbo; Owner: postgres
--

CREATE TABLE dbo."AspNetUsers" (
    "Id" character varying(128) DEFAULT ''::character varying NOT NULL,
    "ImageID" integer,
    "Email" character varying(256),
    "EmailConfirmed" boolean DEFAULT false NOT NULL,
    "PasswordHash" text,
    "SecurityStamp" text,
    "PhoneNumber" text,
    "PhoneNumberConfirmed" boolean DEFAULT false NOT NULL,
    "TwoFactorEnabled" boolean DEFAULT false NOT NULL,
    "LockoutEndDateUtc" timestamp without time zone,
    "LockoutEnabled" boolean DEFAULT false NOT NULL,
    "AccessFailedCount" integer DEFAULT 0 NOT NULL,
    "UserName" character varying(256) DEFAULT ''::character varying NOT NULL,
    "TitleName" text
);


ALTER TABLE dbo."AspNetUsers" OWNER TO postgres;

--
-- Name: Categories; Type: TABLE; Schema: dbo; Owner: postgres
--

CREATE TABLE dbo."Categories" (
    "CategoryID" integer NOT NULL,
    "CategoryName" text
);


ALTER TABLE dbo."Categories" OWNER TO postgres;

--
-- Name: Categories_CategoryID_seq; Type: SEQUENCE; Schema: dbo; Owner: postgres
--

CREATE SEQUENCE dbo."Categories_CategoryID_seq"
    AS integer
    START WITH 1
    INCREMENT BY 1
    NO MINVALUE
    NO MAXVALUE
    CACHE 1;


ALTER TABLE dbo."Categories_CategoryID_seq" OWNER TO postgres;

--
-- Name: Categories_CategoryID_seq; Type: SEQUENCE OWNED BY; Schema: dbo; Owner: postgres
--

ALTER SEQUENCE dbo."Categories_CategoryID_seq" OWNED BY dbo."Categories"."CategoryID";


--
-- Name: Forms; Type: TABLE; Schema: dbo; Owner: postgres
--

CREATE TABLE dbo."Forms" (
    "FormID" integer NOT NULL,
    "FormName" text NOT NULL,
    "CreateDate" timestamp without time zone DEFAULT '-infinity'::timestamp without time zone NOT NULL,
    "Enable" boolean DEFAULT false NOT NULL,
    "Age" text NOT NULL,
    "CategoryID" integer DEFAULT 0 NOT NULL,
    "SpecieID" integer DEFAULT 0 NOT NULL,
    "UnPublished" boolean DEFAULT false NOT NULL,
    "Desieses" text DEFAULT ''::text NOT NULL,
    "Temperament" text DEFAULT ''::text NOT NULL,
    "Difficulties" text DEFAULT ''::text NOT NULL,
    "Specificity" text DEFAULT ''::text NOT NULL,
    "Sex" text DEFAULT ''::text NOT NULL,
    "Color" text,
    "AppUserId" character varying(128) NOT NULL
);


ALTER TABLE dbo."Forms" OWNER TO postgres;

--
-- Name: Forms_FormID_seq; Type: SEQUENCE; Schema: dbo; Owner: postgres
--

CREATE SEQUENCE dbo."Forms_FormID_seq"
    AS integer
    START WITH 1
    INCREMENT BY 1
    NO MINVALUE
    NO MAXVALUE
    CACHE 1;


ALTER TABLE dbo."Forms_FormID_seq" OWNER TO postgres;

--
-- Name: Forms_FormID_seq; Type: SEQUENCE OWNED BY; Schema: dbo; Owner: postgres
--

ALTER SEQUENCE dbo."Forms_FormID_seq" OWNED BY dbo."Forms"."FormID";


--
-- Name: ImageForms; Type: TABLE; Schema: dbo; Owner: postgres
--

CREATE TABLE dbo."ImageForms" (
    "Image_ImageID" integer DEFAULT 0 NOT NULL,
    "Form_FormID" integer DEFAULT 0 NOT NULL
);


ALTER TABLE dbo."ImageForms" OWNER TO postgres;

--
-- Name: Images; Type: TABLE; Schema: dbo; Owner: postgres
--

CREATE TABLE dbo."Images" (
    "ImageID" integer NOT NULL,
    "Path" text
);


ALTER TABLE dbo."Images" OWNER TO postgres;

--
-- Name: Images_ImageID_seq; Type: SEQUENCE; Schema: dbo; Owner: postgres
--

CREATE SEQUENCE dbo."Images_ImageID_seq"
    AS integer
    START WITH 1
    INCREMENT BY 1
    NO MINVALUE
    NO MAXVALUE
    CACHE 1;


ALTER TABLE dbo."Images_ImageID_seq" OWNER TO postgres;

--
-- Name: Images_ImageID_seq; Type: SEQUENCE OWNED BY; Schema: dbo; Owner: postgres
--

ALTER SEQUENCE dbo."Images_ImageID_seq" OWNED BY dbo."Images"."ImageID";


--
-- Name: OrderForRegistrations; Type: TABLE; Schema: dbo; Owner: postgres
--

CREATE TABLE dbo."OrderForRegistrations" (
    "OrderForRegistrationID" integer NOT NULL,
    "OrganizationName" text DEFAULT ''::text NOT NULL,
    "PhoneNumber" text DEFAULT ''::text NOT NULL,
    "Email" text DEFAULT ''::text NOT NULL,
    "City" text DEFAULT ''::text NOT NULL,
    "ImageID" integer DEFAULT 0 NOT NULL,
    "Comment" text,
    "Denied" boolean DEFAULT false NOT NULL
);


ALTER TABLE dbo."OrderForRegistrations" OWNER TO postgres;

--
-- Name: OrderForRegistrations_OrderForRegistrationID_seq; Type: SEQUENCE; Schema: dbo; Owner: postgres
--

CREATE SEQUENCE dbo."OrderForRegistrations_OrderForRegistrationID_seq"
    AS integer
    START WITH 1
    INCREMENT BY 1
    NO MINVALUE
    NO MAXVALUE
    CACHE 1;


ALTER TABLE dbo."OrderForRegistrations_OrderForRegistrationID_seq" OWNER TO postgres;

--
-- Name: OrderForRegistrations_OrderForRegistrationID_seq; Type: SEQUENCE OWNED BY; Schema: dbo; Owner: postgres
--

ALTER SEQUENCE dbo."OrderForRegistrations_OrderForRegistrationID_seq" OWNED BY dbo."OrderForRegistrations"."OrderForRegistrationID";


--
-- Name: Species; Type: TABLE; Schema: dbo; Owner: postgres
--

CREATE TABLE dbo."Species" (
    "SpecieID" integer NOT NULL,
    "SpecieName" text NOT NULL,
    "CategoryID" integer DEFAULT 0 NOT NULL
);


ALTER TABLE dbo."Species" OWNER TO postgres;

--
-- Name: Species_SpecieID_seq; Type: SEQUENCE; Schema: dbo; Owner: postgres
--

CREATE SEQUENCE dbo."Species_SpecieID_seq"
    AS integer
    START WITH 1
    INCREMENT BY 1
    NO MINVALUE
    NO MAXVALUE
    CACHE 1;


ALTER TABLE dbo."Species_SpecieID_seq" OWNER TO postgres;

--
-- Name: Species_SpecieID_seq; Type: SEQUENCE OWNED BY; Schema: dbo; Owner: postgres
--

ALTER SEQUENCE dbo."Species_SpecieID_seq" OWNED BY dbo."Species"."SpecieID";


--
-- Name: __MigrationHistory; Type: TABLE; Schema: dbo; Owner: postgres
--

CREATE TABLE dbo."__MigrationHistory" (
    "MigrationId" character varying(150) DEFAULT ''::character varying NOT NULL,
    "ContextKey" character varying(300) DEFAULT ''::character varying NOT NULL,
    "Model" bytea DEFAULT '\x'::bytea NOT NULL,
    "ProductVersion" character varying(32) DEFAULT ''::character varying NOT NULL
);


ALTER TABLE dbo."__MigrationHistory" OWNER TO postgres;

--
-- Name: AspNetUserClaims Id; Type: DEFAULT; Schema: dbo; Owner: postgres
--

ALTER TABLE ONLY dbo."AspNetUserClaims" ALTER COLUMN "Id" SET DEFAULT nextval('dbo."AspNetUserClaims_Id_seq"'::regclass);


--
-- Name: Categories CategoryID; Type: DEFAULT; Schema: dbo; Owner: postgres
--

ALTER TABLE ONLY dbo."Categories" ALTER COLUMN "CategoryID" SET DEFAULT nextval('dbo."Categories_CategoryID_seq"'::regclass);


--
-- Name: Forms FormID; Type: DEFAULT; Schema: dbo; Owner: postgres
--

ALTER TABLE ONLY dbo."Forms" ALTER COLUMN "FormID" SET DEFAULT nextval('dbo."Forms_FormID_seq"'::regclass);


--
-- Name: Images ImageID; Type: DEFAULT; Schema: dbo; Owner: postgres
--

ALTER TABLE ONLY dbo."Images" ALTER COLUMN "ImageID" SET DEFAULT nextval('dbo."Images_ImageID_seq"'::regclass);


--
-- Name: OrderForRegistrations OrderForRegistrationID; Type: DEFAULT; Schema: dbo; Owner: postgres
--

ALTER TABLE ONLY dbo."OrderForRegistrations" ALTER COLUMN "OrderForRegistrationID" SET DEFAULT nextval('dbo."OrderForRegistrations_OrderForRegistrationID_seq"'::regclass);


--
-- Name: Species SpecieID; Type: DEFAULT; Schema: dbo; Owner: postgres
--

ALTER TABLE ONLY dbo."Species" ALTER COLUMN "SpecieID" SET DEFAULT nextval('dbo."Species_SpecieID_seq"'::regclass);


--
-- Data for Name: AspNetRoles; Type: TABLE DATA; Schema: dbo; Owner: postgres
--

COPY dbo."AspNetRoles" ("Id", "Name", "Discriminator") FROM stdin;
98a67a22-4bd1-4e7a-948a-31248270687b	Administrator	AppRole
\.


--
-- Data for Name: AspNetUserClaims; Type: TABLE DATA; Schema: dbo; Owner: postgres
--

COPY dbo."AspNetUserClaims" ("Id", "UserId", "ClaimType", "ClaimValue") FROM stdin;
\.


--
-- Data for Name: AspNetUserLogins; Type: TABLE DATA; Schema: dbo; Owner: postgres
--

COPY dbo."AspNetUserLogins" ("LoginProvider", "ProviderKey", "UserId") FROM stdin;
\.


--
-- Data for Name: AspNetUserRoles; Type: TABLE DATA; Schema: dbo; Owner: postgres
--

COPY dbo."AspNetUserRoles" ("UserId", "RoleId") FROM stdin;
89ae8ef7-c0d6-4bf9-bd61-2e18335c36ce	98a67a22-4bd1-4e7a-948a-31248270687b
\.


--
-- Data for Name: AspNetUsers; Type: TABLE DATA; Schema: dbo; Owner: postgres
--

COPY dbo."AspNetUsers" ("Id", "ImageID", "Email", "EmailConfirmed", "PasswordHash", "SecurityStamp", "PhoneNumber", "PhoneNumberConfirmed", "TwoFactorEnabled", "LockoutEndDateUtc", "LockoutEnabled", "AccessFailedCount", "UserName", "TitleName") FROM stdin;
89ae8ef7-c0d6-4bf9-bd61-2e18335c36ce	\N	elizavetaaleshkevitch@yandex.ru	f	AKUxSeXfgeI3gsaMVsFcg6UDXTwPciG072kTqccuZsoEAcG3N40velqL5C2o+LcIew==	e56df2ad-24c8-43f7-b197-a7cb9e400066	\N	f	f	\N	f	0	Admin	\N
5fec56ff-bd89-49e7-ad5c-2d7fdfe64075	\N	laleshk@mail.ru	f	AFXeFGkunJ0/3A8KYNHoK0eWiAcJK4dnVYX8lotspAT+8NuUORJFcN/OXxdR8RS4aA==	defc7042-d943-4c8f-bd29-85c27c2953cf	+79994305722	f	f	\N	f	0	laleshk@mail.ru	\N
\.


--
-- Data for Name: Categories; Type: TABLE DATA; Schema: dbo; Owner: postgres
--

COPY dbo."Categories" ("CategoryID", "CategoryName") FROM stdin;
1	Собаки
2	Кошки
\.


--
-- Data for Name: Forms; Type: TABLE DATA; Schema: dbo; Owner: postgres
--

COPY dbo."Forms" ("FormID", "FormName", "CreateDate", "Enable", "Age", "CategoryID", "SpecieID", "UnPublished", "Desieses", "Temperament", "Difficulties", "Specificity", "Sex", "Color", "AppUserId") FROM stdin;
1	кошечка	2020-01-28 17:27:52.41942	t	2 года	2	4	t	sdfhskfd	fghdfgh	flghdfjghdfjk	fdkjghdfjkghdf	woman	серый	5fec56ff-bd89-49e7-ad5c-2d7fdfe64075
2	кошечка	2020-01-28 17:31:48.444937	t	2 года	2	4	t	xvffgddflghd	sdjfdsfgdjhfgs	shfgshfgsdfg	sjdfgsdhfgh	woman	серый	5fec56ff-bd89-49e7-ad5c-2d7fdfe64075
3	кошечка	2020-01-28 17:38:52.091419	t	1 год	1	2	t	ФЫВОФЫИВФЫРПВ	ЫОВАПЫВОАП	ЫЛВАПВЫАВЫН	АПВЫРПАЫВ	woman	серый	5fec56ff-bd89-49e7-ad5c-2d7fdfe64075
5	кошечка	2020-01-29 12:09:19.470508	t	2 года	2	4	t	znjksdhksf	fkjhsdkjfhjkfhsdkf	kvhfgfdhggh	skdfgsdkhfgdshfgsh	woman	серый	89ae8ef7-c0d6-4bf9-bd61-2e18335c36ce
6	кошечка	2020-01-29 12:14:25.719608	t	2 года	2	4	t	dfghdfgdf	dfgdfgsdjhgsd	skdfgdfgdsjg	shdfgsdjfgdjhfgd	woman	серый	89ae8ef7-c0d6-4bf9-bd61-2e18335c36ce
7	кошечка	2020-01-29 12:17:53.001809	t	2 года	2	4	t	lfhjkghfdk	sdfhdskjfhsd	skdfdskfhds	sdkfhsdjkfhsdjkf	woman	серый	89ae8ef7-c0d6-4bf9-bd61-2e18335c36ce
8	кошечка	2020-01-29 12:28:53.001062	t	2 года	2	4	t	авпловарпвап	апрваопрваорпва	алправопрв	валправолпрвало	woman	серый	89ae8ef7-c0d6-4bf9-bd61-2e18335c36ce
9	кошечка	2020-01-29 12:35:11.677842	t	2 года	2	4	t	вадповапр	валпаволправ	алвопрваолпра	валопрваолпрлоа	woman	серый	89ae8ef7-c0d6-4bf9-bd61-2e18335c36ce
12	кошечка	2020-01-29 12:50:20.20402	t	2 года	2	4	f	kxfjghfdkjghf	sdhfgsdgf	kdjfksdgf	sdjfgfsjdghfdgh	woman	серый	89ae8ef7-c0d6-4bf9-bd61-2e18335c36ce
13	кошечка2	2020-01-29 12:50:57.73343	t	2 года	2	4	f	sjfgfgjgshdj	fgsfgsdjsg	sjfgsdhfgsdh	djfgdsjfsgdf	woman	серый	89ae8ef7-c0d6-4bf9-bd61-2e18335c36ce
15	кошечка	2020-01-29 13:30:14.377739	t	2 года	2	4	f	апварпвапр	оывапыап	ыапывапыв	оывапвыр	woman	серый	89ae8ef7-c0d6-4bf9-bd61-2e18335c36ce
16	шотландская1	2020-01-29 13:53:05.867443	t	2 года	2	4	f	sfksdfskgf	jdhfgsdfgsdh	sjdfgsdfgd	sjdfgsgd	woman	серый	89ae8ef7-c0d6-4bf9-bd61-2e18335c36ce
17	шотландская2	2020-01-29 13:55:56.780809	t	2 года	2	4	f	skdfsdg	ksfgksgfskdgfsd	jsdfgsfgdsf	kshjksdfsdjkfg	woman	серый	89ae8ef7-c0d6-4bf9-bd61-2e18335c36ce
14	аварывло	2020-01-29 13:12:59.143111	t	2 года	2	4	f	лывраывлавылар	ывлрапыап	лфпрвпыап	ывапыапвы	woman	серый	89ae8ef7-c0d6-4bf9-bd61-2e18335c36ce
11	кошечка	2020-01-29 12:43:32.369858	t	2 года	2	4	f	лсиывларав	воырапывра	ыврапыврпарв	ыврапы	woman	серый	89ae8ef7-c0d6-4bf9-bd61-2e18335c36ce
10	кошечка с изм	2020-01-29 12:37:52.045972	t	2 года	2	4	f	hfdjkghdfg	kfghfdjkghdfj	dfghfdjkghdf	fkgdfjkghdfj	woman	серый	89ae8ef7-c0d6-4bf9-bd61-2e18335c36ce
18	шотландская3	2020-01-29 15:35:33.510213	t	2 года	2	4	f	аповрапра	ывлапывлапыво	ыолвапывлаоп	ывлоапыволапы	woman	серый	89ae8ef7-c0d6-4bf9-bd61-2e18335c36ce
4	кошечка	2020-01-29 16:40:24.246562	t	2 года	2	4	f	dsfsdfjks	sfsfgsdfsd	sdfbsdfsdjh	sdhfgsdhfgsd	woman	серый	5fec56ff-bd89-49e7-ad5c-2d7fdfe64075
\.


--
-- Data for Name: ImageForms; Type: TABLE DATA; Schema: dbo; Owner: postgres
--

COPY dbo."ImageForms" ("Image_ImageID", "Form_FormID") FROM stdin;
13	1
14	2
15	3
16	4
17	5
18	6
19	7
20	8
21	9
22	10
23	11
24	12
25	13
26	14
27	15
28	16
29	17
30	18
31	18
\.


--
-- Data for Name: Images; Type: TABLE DATA; Schema: dbo; Owner: postgres
--

COPY dbo."Images" ("ImageID", "Path") FROM stdin;
1	/Content/Avatars/default.jpg
2	/Content/Avatars/default.jpg
3	/Content/Avatars/default.jpg
4	/Content/Avatars/default.jpg
5	/Content/Avatars/default.jpg
6	/Content/Avatars/default.jpg
7	/Content/Avatars/default.jpg
8	/Content/Avatars/default.jpg
9	/Content/Avatars/default.jpg
10	/Content/Avatars/default.jpg
11	/Content/Avatars/default.jpg
12	/Content/Avatars/default.jpg
13	/Content/Images/1572911512_s1200.jpg
14	/Content/Images/1572911512_s1200.jpg
15	/Content/Images/1572911512_s1200.jpg
16	/Content/Images/1572911512_s1200.jpg
17	/Content/Images/1572911512_s1200.jpg
18	/Content/Images/1572911512_s1200.jpg
19	/Content/Images/1572911512_s1200.jpg
20	/Content/Images/1572911512_s1200.jpg
21	/Content/Images/1572911512_s1200.jpg
22	/Content/Images/1572911512_s1200.jpg
23	/Content/Images/1572911512_s1200.jpg
24	/Content/Images/1572911512_s1200.jpg
25	/Content/Images/1572911512_s1200.jpg
26	/Content/Images/1572911512_s1200.jpg
27	/Content/Images/1572911512_s1200.jpg
28	/Content/Images/1572911512_s1200.jpg
29	/Content/Images/1572911512_s1200.jpg
30	/Content/Images/ADS0_0.png
31	/Content/Images/ADS0_1.png
\.


--
-- Data for Name: OrderForRegistrations; Type: TABLE DATA; Schema: dbo; Owner: postgres
--

COPY dbo."OrderForRegistrations" ("OrderForRegistrationID", "OrganizationName", "PhoneNumber", "Email", "City", "ImageID", "Comment", "Denied") FROM stdin;
1	Приют2	+78005553535	elizavetaaleshkevitch@yandex.ru	Кемерово	1	\N	t
3	Приют2	+78005553535	elizavetaaleshkevitch@yandex.ru	Кемерово	3	\N	t
2	Приют1	+79994305722	laleshk@mail.ru	Кемерово	2	\N	t
4	Приют1	+79994305722	laleshk@mail.ru	Кемерово	4	\N	t
5	Приют2	+78005553535	elizavetaaleshkevitch@yandex.ru	Кемерово	5	\N	t
6	Приют3	+78005553535	laleshk@mail.ru	Кемерово	6	\N	t
7	Приют1	+78005553535	yobapunker@yandex.ru	Кемерово	7	\N	t
8	Приют2	+78005553535	gpunker@gmail.com	Кемерово	8	\N	t
9	Приют1	+79994305722	yobapunker@yandex.ru	Кемерово	9	\N	t
10	Приют1	+79994305722	laleshk@mail.ru	Кемерово	10	\N	t
11	Приют1	+79994305722	laleshk@mail.ru	Кемерово	11	\N	f
12	Приют1	+79994305722	laleshk@mail.ru	Кемерово	12	\N	f
\.


--
-- Data for Name: Species; Type: TABLE DATA; Schema: dbo; Owner: postgres
--

COPY dbo."Species" ("SpecieID", "SpecieName", "CategoryID") FROM stdin;
1	Бульдог	1
2	Овчарка	1
3	Турецкая ангора	2
4	Вислоухая шотландская	2
5	Беспородная	2
6	Беспородная	1
\.


--
-- Data for Name: __MigrationHistory; Type: TABLE DATA; Schema: dbo; Owner: postgres
--

COPY dbo."__MigrationHistory" ("MigrationId", "ContextKey", "Model", "ProductVersion") FROM stdin;
201911210929094_InitialCreate	HomeForPets.Infrastructure.PetsDbContext	\\x1f8b0800000000000400dd1bcb6ee336f05ea0ff20e85860a364b787eec2de45364e5aa34db288b37b356869ec10952855a483e4db7ae827f5174a4aa24489a45e7e6cd243008be40ce7cde170f2efdfff4c3e3d45a1f30829c53199ba6727a7ae03c48f034c365377cbd66f7e713f7dfcf187c965103d39dfe4ba77621d872474ea3e30967cf03cea3f4084e84984fd34a6f19a9df871e4a120f6de9e9ebef7cece3ce0285c8ecb7126775bc27004d907ffbc88890f09dba2f03a0e20a4c5389f5964589d1b14014d900f53f7b73882ab38fd028c9eccc93a4594a55b9f6d53709df310234ed102c2b5eb2042628618a7f7c3570a0b96c664b348f8000aef9f13e0ebd628a450f0f1a15ade97a5d3b78225af021c2512b76496b37bc9c5c29e057919cb53f70231d8c4e9b3ba8aaffb1d9e6b037ce84b1a2790b2e73b583760e733d7f1eaf05e1341096e8015e44cdd3961efdebacecd360cd12a84527a8a98172c4ee157209072e8e00b620c522ecd7900195b1a15963dc597dc95ab8d5ba2eb5ca3a73f806cd8c3d4e53f5de70a3f4120470a4abe12cc0d97037183006db31bf48837199d8d6db93145d475ee20cc66e9034e72133a1133cb5203ce551a47777158809413cb7b946e80718a63d3ec22dea67e839c895729ba55fd02d518d50bb8316a9770c752b9d8ef30ea6eda560a9cc019ff935b89dff7586cadf1d78eea9288c512cde798eb1c91c1586640fd142779d83830f3e79bc30b987fae7108ddc6d32f06ec8a6791808f8753630d125514181f27642430c7091945fa52348fd006cc712b9b5a1671ada24619d662963a678a586d94e4b2369392cfe9b4a8e31a31b5c99de267c6d698009a018e89a025e0b1422807787811a7650fab6b7a80c92247e939b798318aae02c5504df70d31fb5375bee38b498f7af97653e546c7efa3f3734a631f673428942d2d09f225099cd6189c8b4f466f2ec16dc87012629f6f3d757fd2e4634358c6ae0a617512d4919eb94d73bc253308818173eee7178f0b447d14e8dae13209ea23dc8221156683427e7be277208409d3cd1d131f27286c23bd0134f02a21882bb769cecc2001228cbb4d17bbef5f6ed3105a978c269e6254edb6a606379b6118235d6516f95934c0d08ce7f520bb1dc060cd996d14993dbb22a908c387b47b0b31e3e433d68f4c72e863c6b6c366901399f8de75f3bd7b501ec3390ce31090ca5c05189dadc4283c31cdca04c40258dde5b3c4b23a11b410ab794f1d4b7138690872e3e8009629b6065db872077899176bf0d24f1a081459d639502e17ca1ae3eda3a9daae83b024ba9495661d5d479f8242555ad395ebdcf5e0bc9650ea7c5b437267505608962a6e61da1486bba43682db7a36a5b36b0fd0dd215a21b734ca168e8d91750796654a578683aabeebe5055e5908f62c95e0c9354a129ee92a95e162c459e465e18b378be1e5d728c7e1f9d450852da92d77e2d93b3785c62cdf9a537a8553ca6688a11512b9f6451069cb7a053fb9971603756dc9982241c4ef1ccc5e223fb1c5894aa0579cc7489c36d96545f76d036856a747214a5b8a391771b88d487736d78d2dbfff98f0e5333ac689d7e04d3bff34696a69485d3fbdb46773d5518ad32bc1bd946606b38958967f55e19a4bc95d58742555a30354ae546d6b0a57c6fb6393855b15931ceb8fa556b85551d526fae3cb8ab32a9e733db56883570aaf2a166578b88bedc761ab8453c5654f43bf9ba31649c09e3cd55073ccd075b9aa05ce26ddb2d0a80ad752b66cb59fac7e58339d6ce4c56847662c7b528fa954d84b3f36c0fd997f3b263da4aae3c757573ddd337894cc65fb7b8d8430ba86e9281349abc92fbaaee6033d6a69f5abac4221f10c23ce7a751f74342f6de7b39db266a6ae6b574bd89b4b4adb2a13f746823e2992e5ee7e0e2d7bce97b80ea7fd11072273be4936f4afb01ab94604af81b2fbf84f104d2ba727ef1bbd1f23fa303c4a83f0b5346360c27e2edca4ed3961e4e3abfac2905d561444fae3c12b6966388cc89a0d0cdde232885deb4d10bd5194a128d9b1396115c7e13e3a13c670a5341d8c01d7fa0972fdeddc4e300a4df3a9af0792d7f3447d18c7509fa5f718435ec243ef6104a63feeee516c96046a80a1b5a440e6886d494c7a9ae7d268a42382f3d2740a8cf2dcb10fd055edfed86fc4f5c2fdb11ec75a4a8c077d587e750fc9c6eb49f3e1a1fb09f9402653850c8d82031a8fad78d2fbf81b6436d67be5a838786cf3315d2087fafcffca787a6bd27e673e90e974dcd48f603803fa3bbe5f4bc7318f296b1df0406d1bbd6de505f469e82f9a964aadd61dddd2a991d775a66eb08ab98ef3f4aba55fc0d4c9616de430e136bf521b7b3cec2d1e26c4e69e014bfb474bf78709b7e579de4cb64524ca9c957cb3700edb80d2b492faab7257df89d681b0df0e93b257a2b5d1c45251d69336ed5da7b3c344e35119dd2ba3b2a1a39d5173757aa84e8ecce65e7b680c6d330735d2015d327a719d1f01cabf54f2c387e24d8542fc832501bf16fccb3573b28ee529d4a0482e69dcabaf81a1809f0ce729c36be4333eed03a55927fa37146e451d325a413027b75b966c196719a25558f3717196b5ed9fb502d5699edc664549ba0f16389998b300b7e4f316874149f795a11e6041210ec9a2fe2374c9441d68f35c62ba89494f4485f8cab3fd1ea224e4c8e82d59a047b0d3d62dc3bac426338c36298a6881a382e79fdcfc82e8e9e37f611dee6e143c0000	6.0.0-20911
201911240615319_FormDataAnnotation	HomeForPets.Infrastructure.PetsDbContext	\\x1f8b0800000000000400dd5bcd6ee33610be17e83b083a16a995ecf6d00dec5d64eda435baf9419c2c7a0b688976844a942a524182a24fd6431fa9af505212254a242551969db4280ac4a466381c7e331cceccfef3d7dfd34fcf61603dc104fb119ad9279363db82c88d3c1f6d67764a36dfff687ffaf8ed37d3732f7cb6bef2efdeb3ef2825c233fb9190f8d471b0fb08438027a1ef26118e3664e246a103bcc879777cfcc1393971206561535e9635bd4d11f14398fda03fe71172614c52105c461e0c70314e67561957eb0a8410c7c08533fbe7288417517203099e2cd126019824a94bd204dad659e0032ad10a061bdb02084504102aefe93d862b924468bb8ae90008ee5e6248bfdb8000c3621fa7d5e77db774fc8e6dc9a908392b37c5240a0d199ebc2f74e434c90769da2e7548b5784eb54d5ed8ae334dceec3920701b252fb6d55cec741e24ecc3baa2f3639970b2234b983c2a6141d1c3fe3bb2e669c00e6486604a12101c5937e93af0dd5fe0cb5df41b443394068128201591ced506e8d04d12c530212fb770d3107bb9b02da74eef341994e40ada7c834b44debfb3ad2b2a0c5807b0c483a08c158912f8134430a1d4de0d200426f438971ecc342a49a15993fde2ab522052dbb2ad4bf0fc05a22d799cd9f44fdbbaf09fa1c7470a49ee914f4d911251884369b12bf0e46f33391bcbd28309b16dddc2209bc58f7e9c1bc584cd3c54877f9144e16d141424e5c4c31d48b690508923d5ec2a4a13b721ced4a930d68a3cc6ca10758ce4b510c7d61e82364e7728a4b1f5464299246507c61348255ed0fff9daecef3b3f3467758ed8c79ccde788620f20632e0b88ddc48f73cf79686d9c6df760e88d35e8cf8d1fc06e78f5734ebbf259c5d0f5cda5d17aafca3d0d7760dc45a91d18776f7d255a86600bd50e359b7a281c6e258d302c3953714ee54adb24c975ad16259f936511c725616a933b39f66c5b869e3da3792dd79e2d3ec4b797848772ee94e0f14d840f3dd0deb43c95250cc2578e544380e544af85b0ca339a42acaf4f1d0f63f98a6f2650ede5cc9a58537aba3e603bc33872fd4c0641b2ea9ea96fe71c7956eba593ab8f5f575483145f7e4c1145979ed9df49fad1312c9d75c5b0bafaea4c4fec261cafd102069040ebcccddfa073805de0c9a74375e2d547288261c2600302fa32a7ef6be02322c3dd47ae1f83a04df40691e1a38e09572ed39c59c0182206eeb6b3d87dfd729986d2ba7434750450b5634df4aa3a60285d6c058be2f2ed0f34658062845b830dd68c592791dab22b91b8ffdf23ee35c20cd3cf503b52e9a10f8c75978d9111a9f6bdebe2a35b50eec3290da11430e14112bddb176b360a9f89224cb8c7b0881470714d350f9f715d4152770b59b45ddd1a921b962caccea5b8c0240639803a88f9bb43a22eccbd83bc7c2c48f4dc961a0c047dd77720bcb8846f944fb2e6f1775d96a5d0a5ae2404755d8f020bf1d09ae65edf5d8f9dd7a25d79df5ab7dde9b80581f911b76c5ae5aabbb43660b7f5884bdeaede8977bb7141dc12942d3b567adf1db6ccc3bed26554f505272f30f04284a3a9444c2f411cd36858a84c1423d62a2f4bccbf5f99e7e9c39c87e36245babe94b65c8946f8140a8d59ba3495f4c24f30590002d680c5e3732f943eab3b488debe06b493e503e2dee533809fb3b27d39768263a3f5129f482ee31643752f6a0916d5b419ad589400092960cd73c0ad21075477cdddcf237928a5f3e23739c3a8dbd4977a4a44d2954a99f4fafd3d399eaa083cb2e2cf3435393e954ccb3e6a272d519f82e2ef22155a306472ee4b66b072e8cf7e7c6d3db22273ed69f4b2dbd2db2aa4df4e79765ac453e677268d1462f64a3452ec2b0b9898d63b055502af2d287aaaf66a845103092a5e6c1a1b9a96ae874da2db3a0a2723539d556fc64c9cd1a74b29137733a3c6219e9788ad8dbfc7c7484e3c1bf9d93ec52c5f1c31f573ddc5358148f65fb5b0da7509a86ea2a6341abca2eba9eef8616f5a0b5ab2c8bc1f99809a77dde1b5dcd0fbafb592f593352974f570ad89b9f94d82a03f746803e2d82e5ee7e22297ace3fb12d2afb93efb1c8f92adee2df836ae412207f0331c9ab03f6c9f1e443a3f7e8edf40139187b81e275a16a061a50e218b723c747e487c2fada2a19030bdd6271234f12558ce4ba855947cb00d58dd35ab21f9535db499aea1ad819c27afe300161bc636bc83a8a8231fa42066d4b68f1e846914c2e756fe427b873f346ce464a7b2e91079f67f61f19dda9b5fcf5a1223db2ae13eace4ead63ebcf9ddb3e7aafcf090d56376c4218608c633503ecc71cc50680113d972aa23c74657b3f0a93abd923aa4d130d1a00ad259e53df139a28ab273c1f9420ed61aa35ea9dbc456d13865208b423f88ca1b5feaa0472e8727cbdfe71a83a644ba676af35fcff5ccd5ef9ca6bd66fbaabf57b824ce5ac2409f6081e5d0eaaf7c56b041bedf37c90073e347c54ef70539bff5f81a7f749ea530f7b824e47c2e300c03168a579bdee99435e53da74ea9e3a647a63e50db4c4c885614dc25beabc6f6978c9d36333db5b47f48cf3f0aba5ed42d510a3ed8751f15617fb95ad32fa4e19156375eb85a68ba6a58946c55bd3e5a0165ba312614e2bbe5a39fbede369a2a45e9cef6adf911a39c66dd4295b4e5afb75348979396893ca639d8d3ad21e85d15137cafb62da37aa4ef29b9ec981b7396a2b92a2fb68af20356836926b14f40a10fe6534bd7cb0bfad58b07f278da05b73fee5374bb489f82dd490887fd278935f42023c7a339c25c4df0097d06917629c35fd7f0541cad2aee11a7a4b749d92382574cb305c07351b677759dbfa5947555de6e9759683c5636c818ae9d32dc06bf439f503af94fb42910fd0b0609764917962674958066afb5272ba8a504f4685facabbfd0e86714099e16bb4024f70886cf7187e815be0bef0ca939e49f741d4d53e5df8609b8010173c2a7afa9362d80b9f3ffe0b02be1da420400000	6.1.3-40302
201912181014546_Unpublic_Form	HomeForPets.Infrastructure.PetsDbContext	\\x1f8b0800000000000400dd5bdb6ee336107d2fd07f10f458a456b2db876e60ef221b27add1cd0571b2e85b404b6347a844a922153828fa657de827f5174a5d285122a99b65272d8a026b52331c0ecf5c389cfcf3d7dfd34f5bdf339e21226e8067e6c9e4d83400db81e3e2cdcc8ce9fafb1fcd4f1fbffd667ae1f85be32bffee7df21da3c464663e511a9e5a16b19fc04764e2bb761490604d2776e05bc809ac77c7c71fac93130b180b93f1328ce95d8ca9eb43fa83fd3c0fb00d218d91771538e0917c9ccd2c53aec635f28184c88699f973e0c36510dd022593055e4788d028b6691c81699c792e62122dc15b9b06c238a08832794f1f082c6914e0cd326403c8bb7f09817db7461e817c1fa7e5e75db774fc2ed99255127256764c68e0f76478f23ed79155271fa469b3d021d3e205d3367d49769d6a72669e230a9b207a318dfa62a7e75e947c3833d3a3987f9ef06f8f8c7ce4a8c001834bf2df91711e7bc909cc30c43442de91711baf3cd7fe055eee83df00cf70ec79a2444c263657196043b7511042445fee605d937331370dab4a6fd51914e40ada6c470b4cdfbf338d6b260c5a79500040d8fd920611fc04182246eddc224a2162e7b7702055a1248566cde4175f95218f1993695ca1ed17c01bfac4548bb6a671e96ec1e123b9240fd865b6c78818a6415aec1a3dbb9b54cedab2cc1e7c621a77e0a5b3e4c90d332b9824338fe5695f46817f1778394931f1788fa20d502671a09a5d067164d7c4995a25a81aa196b0ea02b3e4bbd78058b2ee107871ba43412b596f24584952b6803a0226f19cfdcfd74efe7deffafd595de0e463cee673c0c086706f2e0f383d7bf204ceaeace640ecc80d33377b68c59e6df6e0246a6bb09f6bd78376a476736cbbf2598660bbfda5d17abed2b50d777edcbda99d1f778d5d255af868036a679c4e3de6ceba944618961cb138a772c34d9264ba568b92cdc9b288e3923095c99d8242baad2e5121fdf035c242baf090b850101e2a303082a737916b748077ddd454d01f04a80c9a5d10957df91a902a7d5f5f4c75f59ae3812a5bf1cda4b19ddc551d5c4a5fd6055d678404b69bca2048564692ea762eb0633486954c7d3c20310d327cb92143145b7a667e27e947c7b070c725c332b855999e987538dee0397840c138b3b32be939223672e4d3613a71aa230cc11025b0411ebba8b3eb36723195e1ee62db0d91d7247a8da8e7952f11ae58a63e3387107002eea6b3d87dfd62999ad2da7434b5045035634d74a33a60287d6a098b3cbc76079a3205e985db1e1bac18b34e22b56597227187bf47dc6b8419a69fa176a4d2431718eb824d2f2352ed7bd7c547b7a0cc87331aca2820e2591150325f25a3b0a58abce081409e1a903c4cd50f3fe1ba045a750b693e5d460dc90d4b1656e5920730894106a016627eb390a873736f212fae03123db7a51a0341dfd51d08772ae11be5a5ab7efc6dc1b210bad09584a0b6f028b0100fad6eeed5dd75d87925bd95f7ad75dbad8e5b10981f71c3a655aeba4d6b03765bcdb8e4edea9d78bb1b17c42d40d9b063a5f7dd61cb3ced2b5c46f9dc6065ef0dfc5dc2d23c4c4caf5018b26c5878a8c8478c65f64a71fefdb27fd9decf7858365154ef0b698b955886cfa0509b654b33492fdd88d039a26885927cfcdcf1a5cfaa0e52e33af85a920f944f8bfb144e92fc3b23d3bfd84c747ea254e825dba39f44a4f44223dbb682347d36421e8a1a6a58e78117fbb83de36be796dd9154fcb21999e3d4aaed4d8a919236a554a57a3e9d4e4f67aa830e2e0d58fd0f4d4da653312fb18bca5597ebdbb8c887548ef63872a1105e397061bc3b375e0b1739f1b1ee5c2ab570915565a23bbf4a415ce45799e8ce2fad718b7ccee454a5895ea85f8b5c84e1fe263b8e0328935c91973ef57d35c3cf938a912c3f4b36fb9bbe864ea7dda28c2a2a5753946dc44f5a1dad40271d7933a7c333a0918e27cfe5fb9f8f8e703cf83773925db4387ef8e3aaa68f0a8be2b97177abe1144ad35085c6240956d9455b39a0a7453d6aed2aad8a703efd84d3960b7a85fa475dbcd74b56cffce5d3952e00f54f0a6c1517815ac23fcd93eff67625291bcf3e310d26fbb3eb2499f875b821bf7be5c815c2ee1a08cd5e1bcc93e3c9875a6bd3db6933b208713cc56d45d56b34e0c964dcfe1f17d31f72eb6b7a1919f8342e3e966445a79291fc0ed2af7f6680eac6e96bd98fcaeabd2c75750d6c4b495a0a09457eb8635fca2a08bc319a5206f15174a40c528fd05cd28e46995cea1bc990b073db48c6462ac72eb003db99f9474a776a2c7e7d2c498f8c9b88b9c553e3d8f873e78693ceeb73c21eabf76c7f1860d4637525ecc7acc54e84113da02a333df48bfb7e1426bfb28fa8364d56d903680d79a13ade68b2b58ef07c5482b483a956a877f216954df49442a01dc1670ced41289f660edd26507d9739d4fb68430579afbd05ffb95e02e56db1feaed4de45b027c894ce4a92608fe0d1d5b23a07de5eb0d15ef30779e043c347759fef6bf3ff2bf0743e497d09634fd069299c1c00383d5a7c5eafabe790614a5b96dd53e74e67acbc81561df9c15a5338977afe1b1a71b232dbcc7456013be32cfd6a68075135ea68fb7454bcd54d08ca161e7d078f8ab1ba2544d3ddd3d0dca3e2ade9be508bad518930a7155fad9cfdf617d551526d1a686b2b921a4cc66d202a5a611afb8834057e3969939ed95a1b88a43d0aa3a36e94f7eb346f54fd58d0f74c0ebccd515ba4145d517b05698f2628f9ad838500e10fb859f021eea66491fc393706bbe2fc8b6f16781df0285493887f52bb935f01450e8b0c671175d7c8a66cda0642d23f46f88abc3829dffa2b7016f826a6614cd996c15f79151b4f6259d3fa69a75755e6e94d5a8325636c8189e9b22dc00dfe1cbb9e53c87da9a8076858244132af3c256749930ad4e6a5e0741de08e8c72f515b1fd1efcd063ccc80d5ea2671822db03812fb041f60b7fc1d233693f88aadaa773176d22e4939c4749cf7e320c3bfef6e3bf9d0ff707c7400000	6.1.3-40302
201912240707126_AddIdentityUsers	HomeForPets.Infrastructure.PetsDbContext	\\x1f8b0800000000000400dd5d596fe4b8117e0f90ff20e82909bcdd3e7606b346f72e3cf6386b647c60da5ee4cda025765b181dbd927ad646905f9687fca4fc85901225f11675b7078b05dc3c8ac56255a95824bff9df7ffebbf8e525f0ad6f304ebc285cda47b343db82a113b95eb859dabb74fdc307fb979ffffca7c5273778b17e2bda9de076a867982cede734dd9ecee789f30c0390cc02cf89a3245aa733270ae6c08de6c787873fcd8f8ee61091b0112dcb5a7cd985a917c0ec07fa791e850edca63be05f472ef413528e6a561955eb060430d902072eed5fa3005e46f11d4c93d955b88e4192c63b27ddc5d0b6ce7c0f208e56d05fdb1608c3280529e2f7f42181ab348ec2cd6a8b0a807fffba85a8dd1af80924f338ad9a9b4ee9f0184f695e752c4839bb248d8286048f4e888ce67cf75692b64b1922297e42d24e5ff1ac33492eed7390c24d14bfda163fd8e9b91fe3864b3b5b8a8b8fb3a2ed81454a0e4a3d40ea82ff3bb0ce773e5e81650877690cfc03eb6ef7e47bce3fe0eb7df41586cb70e7fb3447882754c714a0a2bb38dac2387dfd02d71c9f5717b63567fbcf7902657749df7c4657617a726c5b378819f0e4c35201a8d9afd228867f87218c516ff70ea4298cd1fa5db93013a1c085624cfcab1815691e3226dbba062f9f61b8499f9168c18b6d5d7a2fd02d4a08270fa1876c0f75423a0d85c16ec0376f93f1c90d8bec21486ceb0bf4b3dae4d9dbe65630c3358fd56a5fc651f025f24997b2e2f11ec41b98228e2359ed2adac50ec7ce625e299556d530291335c3eda650313c6e1bf52afa8da55a78bc9ed44ae0b246a9638838be40ff1763e3bfefbda039a94f216e5c90f91821650361632a0f61b6f6c93374bb92ba8089137bdbdccd8e2dd8b3cd004ea2b517d4d3596da1e3c1c654942eabf249edbd56e197e45eabf069a61c5d056003e55e34ab7a245eb6e2862a163c285d27f39f3a4e7259cb59c9eb445ee8728119a6b29337cfa665e2ceb38653f8f36ce0360ebdec389647471d9ef7224830506fded464aadf4aa172d534d1a8bce5142a55f9bea63a65ea35fb53aa7cc4bd893f8ddc15af5c525fd6ce5d11a961ba5a1d2bb75267c9f606a6b3a2e32c27791923727f44f1d7194d11e9a269bf4a5b8f4db5f5e4e8697df2e1dd7be09ebcff119ebc6be50cdd167ed0d568ced1f1872122a11a7d3d7ef7be9751950afc90a0d591fb466abd1f4933ca450ab5a2a7149bf4a2d29854ff6a5d50dd7fd5c69c8aea2d6d8a27d4c6128a21c6b68682df61c735d6b8b3edb64ed1e8a45c9ec29b915e071655d7f69b6d7d040924d2e08d929b948c7bbc8ecdb9c7bd7ae1fe3bf6db8631734d5220009edf83f73718e53c0ad75e1c74cf1bdc812441cecffd152403c4f07c4c079d5d8cb47a9582603bf86877cf51086f76c113369af1c6ea6d69eeff882e8183a2e83cd9d499dee7c8f91aedd24fa18bd35e0fa92366c10c09f4c2ce99e3c024b944ca0cddf36817a6dd8c0f7bb9a9a3af731f788afd03f1c38f45932af4626b84b08bab6e950cd272445a880ce55b63153f796d53763e471b2fd44ba868223294d7283922d54d59c244f41c911622435985929fbcb6b718395380fe83e48cecfe47c9dd0289e1d3155385d8d9f2e141874fc0e3917e03feaeefa15a594366ecfd5b434676ffad216313157ff35c1cdc186c1d8bc688bc517bf9aeb4dee638cec63607669a630f3e8e0f5099cb5992448e97590195cdac4e9f58d6511468698fa2aa4d6a7ef07d8dd4dadb224546432fedbf09b250112c8f702a82d581184bf4c8e6f5f236bc803e4ca175e6e4f74fce41e200575c092413972d41aa0c636cb4006f9612648a5e988a7aef858eb705be8e75ae53c3fb1d98b97218bee6026e61885d8b6e2dba8f5f0ec309ad4e468b39a5547a5da38f5e548a213d87a1922179206aae68d263cb467adb6082cc01808a23f96940c552714834a0de2b9869279fb676249383891aab0ea81a19916cde5d071fc382c404bd52f135d97a5572711495d39c114818ab32ff8328a15a4a26da204dc99b2ba15a122683cb13fd23292297aa50adb52a6f51ad7399b11e45f714891285de91ddf4208a2797cc084a271781c9c0ca43a831152e0f00ead6974b4bd5aa9b2e829027b3ea6292e9e35429df460a26bf54d44acb9885e838f8885a46f28b752ac1271ba7766b5c7653e1d6485a6450b7c64a6644b7c68ae0cdb8b53c7d5cb7be5c2e796a756393d7e3076f52b18ca86bccfcf74cd5f2fc0fea93a21e302e525f304d2e9e70297c49259951c420498e2624cfc4eb00a6ba82299b52c8eeef5619272185237c5b592ae4c29c4020df7cd6742e6e320bbdc967b9a67b79fd58e85fecc36b0890831f7178e5b50dd9243883d111ac8caa8628b9c025102a9d4503a68a23492d57245e6e40b638c7d39225df2b8e2ca5f7ac265177e9a936d2cbf6bc19d6253ccba9943a2b58725d8a9322411b0fef7dd9d919cc9cb9d62cce5b997aab4dbe510c17a6a699b42cdd5627b516b3656fda8ad35527e2ea537114bba573d0cc589a411b60cab2bb999275ae491099a688a809107fa45b74754687d61ed1c775160a7f634214882e516192aaa0264084ae118422bda01042c1746f52205f3cb510249b6783ed732b11b0bbe55a27d261d6c537443d6dd96ece643fd76ae2dc1e4cb1f605d3bd498158945a08921d86c11ea39508d87d414f2ea038d22c43dab26e31cf1fce9382c55cf1c27e710db65b2fdc502fee4989b5ca9fdb9fffb06afefe3cc869cc1d46ba7c005e8e9446313200ae160d8d38bdf4e224bd00297802f840f7dc0d84666c00af08b48ab184185d5cba22ec2abae0bff36e6ae881992a7eaa047a89e618e00d537663468c79245d2d8c7f007c106bde749e47fe2e08eb4f33eba9e5b70065f4f21a91e262cecd4dd8c309d21476d4ecfa18ad9e2a8469b570d986aaf9a2c9bba9445cbc15a7852b7f775e47455ca4aab4c192532fba9905a7cacda9158fba694a45993915e651374d8aa930a7c7bceca6e93115e6f4b2c7da349d33712bad9579af465b1dbad2b4d447b193192b896d7ab25669b46660ae8a7e2ae99619775ab8ca34bc9a4efec297269297eccdea14bbb99e9687e4879aaf8faa637feaafa724ba55ba7c6f964b15b0aa17eb2ac17fdfaeffa2332a6aaffad736c645a7f5cc6d8c73f3b224b0bab7b860432d557b6b28decded9d4451acec7ad9894b762f997ae1c77c273dfc9d0cbc1020eef64bb27af9ec9d78d9bcf7a8326efbd51676a53daf5c99b16fbf7a6a12ca10939c3531d1a5e2fc494da5b8644453515d3c9a6c015579ceb68e2c3b1d69be56ca9ec37c15fa8adbc88b546643931735a4413d6a148851754d224afadd291b59d2350d0220f671291303b1550db8a49f90324cd215ade829242a6f613e82f86894a62ed69a53963c1fa5494baa5bd096f0ccd735d8e98a2f4c997daf58dd60975f3e37e59df09e85da925389013e81f9f170b76fa082c6301eb69f4f28f5fa8e498554c50d6991f775023152be975aa53c82e9ac55f9ed806e5aa5a0a1f644ccfb35d611691fdda969328fd21867af7b94a7a6d74c7787d610f6544792342b8ef2cd1363450f69f64b96b1c60755b210aaee054ac3e0eb51738395e2a01973ca3b668d32f08faa34bc9a33fe404e5c5de15c8e6f52ea56793ec79dc32dc899583d1cb670489637b1adc24896f6cd7693fcee5725d720f4d63049f377b5f6d1e1ec270e3a7b7f60ace749e232083a1a2c6b769526c097f6c2f447627dba17f14d9faa4b30a5f3bb8a15a10eafc345bf30266ef23022e3b1927971b5843dc690f549be17ea847bfc14457e1fa0c7ade848108f5b8987022faed74673eb11eedf5e852e7c59daffcafa9d5a57ff7cacba1e58b7317268a7d6a1f5efce88c6c6e3171d1b8cde105fb78539f6057b3b8c41d250b73dfa2ed9b1d1d890aec3084c8471ed516ceafcf718a032df40ec3c83584478e880195ad2ac335f3c65fc57567c605d250fa1f7fb0e55dc23716233e671af9a7a5736a1df65c6ed11415b2ce9e8689ac62b861c6ede9375b71d958785d86cc24cdeb303334d7037c5e4f95bb250e9a7c540c4a45fa7af3b032a299b1067dded21245b456132fcc8366194141ab20d2109ea634732fd084a85e6d88a9812ca511ad99bcc578eedd88a3925b0636e371d711d8d5d5cd1b19f2f6407c8bed1ddde3091dc5e7df604d8bb565b3701d16e80d8549183fe2e71defafade4a50dcfa223da11637db3bb74d67d525aae5093045fad870d7fdd82940ea254c6226d1900baa6f0fa990b6387cd5d3d6b1a1f2d877ad636184695e9a0c8aaff7e6f0f4a4c757fcbbdc91516bb8d105bda14a87c1f652dc9f1f06f14679eed8ca038fad3eb203c6a636ff5d298ff14aaacf5407529d9a93dc1114a701cce574c896637ea6944f41cc73f1c37ca2de265ce5be205456482bd302538e8945a9b9ab6e9a1d1f49b99a41504e08972581c8990e70726c5d525dfadc531c363dbce4b45174034d7e931174230d7d4330917be27a088cd674a09063bb1ed5cde03d753d4610907ba24b53454513699271403439c0a30823c32f27b928cddf27d5c137e6b76c97b6fb14a145cf939d1af03a7e8c7ce325d0cf8b65b4e590693c59f2e915e89272196105f6144fb9d8a70aa48b0a196d05569c12fe30b712917ba65a3650feaf0dc9e19354835566a91cb06aa21e548ddbc40f5cba2661bcb2463f4cb3b991c0593b39d2463fac02934d3736f9726ac7266df4632b30c1a47aafb029aa4ea9ff72eb1a164e9377332c1694e82ef9340ed54b0a0adb092fb3043bd3c2662a1e8888bb03fe2d8a767ac262726f58fa9d6801c9a69fa8fcb149d33519799abd22824a4040a751d261313fa5d87c3268e19a385042450952bc0f189f0cc70a34e4ba0c8e62ce7208e409213ddb38a50662da0bdcce4eebc97cbe152f43fb9b745f309d9da6dca7d53680e5149ff9a1edcf2ec4d711f35f1730f13615098c2d134287d9f8946daec27554ecbf388e8a26dced8f6b980217ed8acee2d45b032745d5f80e62f6ef2f12ec9a4fc11374afc2db5dbadda568ca3078f299f004efe374e367d8a32ccf8bdbecf951d2c714109b1e9a02bc0d3fee3cdf2df9be94dc3c5190c01b4472e10faf658a2ffe6d5e4b4a375168488888afdcd7dec360eb2362c96db802df601bde90fa7d861be0bc5677c65444ea178215fbe2c2039b180409a151f5473f910ebbc1cbcfff0762312b3422960000	6.1.3-40302
201912260458582_LinkSpecieCategory	HomeForPets.Infrastructure.PetsDbContext	\\x1f8b0800000000000400dd5ddd6eddb811be2fd07710ce555b787de2781364037b178e1d778d2676103b8bde19b4441f0bd1cf5949276ba3e893f5a28fd45728295112ff4622a99f731c2c16884572381cce0c8743f23bfffbcf7f8f7e798c23ef1bcef2304d8e1707fb2f161e4efc340893d5f16253dcfff066f1cbcf7ffed3d1fb207ef47eabeb1dd27aa465921f2f1e8a62fd76b9ccfd071ca37c3f0efd2ccdd3fb62df4fe3250ad2e5cb172f7e5a1e1c2c3121b120b43cefe8f32629c218977f903f4fd3c4c7eb6283a28f6980a39c7d2725d72555ef12c5385f231f1f2f7e4d637c9e669f7091ef5f24f719ca8b6ce3179b0c2fbc93284484a36b1cdd2f3c942469810ac2efdb2f39be2eb234595dafc90714dd3cad31a9778fa21cb371bc6dab9b0ee9c54b3aa465dbb026e56ff2228d2d091e1c32192de5e64e925e343224527c4fa45d3cd15197923c5e9ca202afd2ec69e1c99dbd3d8d325af178514ec5d9bbfdbaee9ec7beec357a40d485feb7e79d6e223a03c709de14198af6bc4f9bbb28f4ff819f6ed2af38394e3651c47344782265c207f2e95396ae71563c7dc6f7129f17670b6f29b65fca049ae69ab6d5882e92e2f0e5c2bb24cca0bb08370ac08dfeba4833fc779ce08cb40e3ea1a2c01999bf8b00972254b800faa47fd5bd12cd23c6b4f03ea2c70f3859150f44b4e871e19d878f38a8bf304ebe2421b13dd288e834563abb44dfc255c9a7d42db187385f789f715496e60fe1bab2827d5a72dbcef67996c69fd38835690a6e6f50b6c205e138d5955ea79bccb760e77a8dfd10eb19aacab42c49450a5372b98eada365abeb9d16404768a2fdb4de36349ff6eba2f575bbb9349ef63792b62b5cf6d85a8609c767e4ffba6ffaef9b30b627f53ea1956b32ef52a26e28b1a6f22529e73e7fc0c150526738f7b3705d79ffb9057bb29ac077393be76e3a954fb0a602baaed62fb93bd3da2fe99d69edd54c39ba88d10af0a565d12d73fe2d37dc67c587f26513b8758517fe3be4d0616e8cbd79392c13775e56dc863f2f3b7671e84dc3b93c3a69f0b013b18b817acba6a6537d2785aa54d344a3aa9adb50a9d6f7d9ea94a9d71c4fa9aa1eb71428b8ae356eab8445842bab2f14010fb72523ff0cb0338239d56a42e9761a55b3a53dc9d797b8d8af1bee5724cf3342ee8f34fbbacf5324c667daae35cf97a6e6797870777ff8e6d56b141cbefe111fbe72f2fe8183e30f3a4ce5e0e59b294ca5c7405fbe7a3d4aafa0027fc9c9ece817036ebe6f59356e4d504ad5a541ad328a4a5352e3ab754d75f7559b72aaaab7b62a1d908b25d45dcc6d0d35bfd3f66bac7127eb759fa2f1c9d12a95bacf5aed795c996b90e2bd433966d2908d521a948e7b3a8ff6dcd356a370ff1dfb6dc34d424f162446613482f737e8e5344deec32c1e9e28f984f29c38bfe057944fb069918358ec6f32a2d5d7058ad793f7f6e9214df0e526bea346335f5fa34dcdcd1fe939f2c9b6a1caae0da6f721f5bfa69be27d12d03cdf97c257d37e86044661e7c4f7719e9f1365c6c169ba498a61c647bddcb6a3afd30885c0fe81f9e1dbba4a1b7a89254ad825153b65bf3a3962355486aa5c00c44f556acbce87741526dd12aaaba80c55252047acd896254aa49b23564365a82c00f9a94a478b914b05183f482ec9ee7e943c2c90983e3fb3ad10bb9c3edae9f4270eb4a7df50b419bb2b276b288d7d7c6b28c9eebe35946c92cfdfc2800637065bc7ba32216f545fbf2bedb73989b3b9cd4118e6dc9dcfe303207339c9f3d40f4b2be0b2996d1a55649d44815ee7d95bbb49ad4efa3f12b50ed7449149d7c78bbf29b280083667562dc136b32b123d58c87a79959ce10817d83bf1ab7b40a728f751a0ce049149207e21aa8c336ab4886e9672628a6152a87a1f267eb8465117eb5223cb7b3694b9a61bb9e40caf71425d4bd75c0cefbfe946125a9f8c8e969c5275eb1a7fd6042986f6e0894b865481a8b9a269cf69adf4d66280f2a904c4147844d132569f8d998f14bcd9f31c8c0a607e46b302e6e459189670f0d4a31fa069e9356e54d5009871b3cb81aa26c8c16496a19360172d13c63db4f3393cb77a30043adc8e532228a93d8bca759c4d69186b4f9c265142584a26daa03d0a3257425812269deb0f98665244294506cd35942f6be7b939299945f780041da0772c8b3389e2e9253383d2e94560d23178f839a7c2558167dffc4ae9d05e75eb8ae7f449d4be5878fba19c966f2305d3dfde73d232612206763ea396b1bc769f4ac849ee6dbb3529ab0eb835968e9bd4ad899299d1ad892278366ead3ab6e89b5fe90c63dbea261e9acc1fbc69c532a3ae09e3df3155abf28ea44d415ae0ac4eb9e2223fbba35ff163a1c9c8130659523e67f94d590728d56b5c883beef2a27c9be954b21ccada2a526117351502d5e6b3a771fd644069cd96e59ee6cd3d7fa57dbd0fef21c00e1cd5eec1eb42ba414806d345b035aa1ea2ece2a042a87116164cd547e19d5cb178d9826c7d7edc4996ad5712594eef454de22e237375b4af5a6433ec4bb43743697456b1e4bed43a4782371ed9fb8aa33318b9f07e401d3798f2ed4dfa720cd7a6d631685d9ab74f6a0ea355ae9dab23eecc011b658139be1b2fd1317428ef3bd58c8bb7dc4101f4cdb9361de936f4c9a75d772f5aa3eb3d4932d334193700e693bb141fce6af116a4faf9c142916f2ba902e94ad698a46bb80130a177080248b10042a8991e4d0a6cd58785a0492018a4109c4420660c7a1de98051d7eb283c6cdd8ed6644feb3470691f0acc7dcdf468526016050b41b3cb32d867398940dc1b8de402eaeb044d58df941d2d2bf010f6e16809a08c1c7d44eb7598ac38d411f6c5bbae20474e7fb8b6c7e0882b1a4b5f90aebc09697a2ad28c1880544aba269c9e87595e9ca102dd217a99e23488956ae226060836ebbe947d8a3a7575e85937a1ffae9ac1f02bfb505cd10af49c8c31a69bc6f2b69a1a05689a7a1403064528eb78d4779a469b38e93ff0eca756ddc0d5d1ab4a548a474b696cca3e5691a6925510e7c768f6a010c669e2ca4da5fda4e99b4122ae812978e1ea412efaa8a893d47eb598720e3e429870eebb39b51a4182a7547f33a7222048f0a48402737a028c044f4f2830a7572243f0744ed47442a7cc4735daf6e099a7051f476fcd58596c3392b56aa335037305da41d26d4e1d78e1824711309d0a4e8027527dd999d9a97773234d0fcb91d9cf0fd4703cf5efa6a4ba55fefbd446bea5c987c25f78ea2f72faefabfbbf749928b7f3fdab8ba9f28952738b95160d5d5a1d6ead4eff54218fbb6dd52f60774ea224f20ec2f20cab7c61c0bdd51556dd90aeba719820c2dd6e49b65b3e3b275ef124615619bbc600ca1e77e4996bce40dc670f260106acecf44e885581133d984a7d6d8ba7025de5dada044259535747569e37d9cf15d8729a5561ac2890bd2d17b647d5274b1adcf36485185766139ff22fc8c538952fb108a7c467e2424425165970c93f061798e40b9ce80112d5d730ef417dfecd53574bcd296b1e82f3a435c50eb4353ccb6516fb66f5adb8b08b568b2d7206cdc371d909ef58ca4a73c631c112581db80f5b03011ad378d8719650ee1dadb0e76a3f5bd2622f651562ecfb4e6a1578a03358abaafb16c3b40aa0017b22e125aae8883a9fcfc23485e7a582b3ef7a5e0bd3b3d3dda935443c23d2a4e0ea8b01e669b6ba853697a6cb7fd3632f5d08d5f7a6c732f8baedb813cc7160c71c786bcf2a9f7f0b25f561cee4e33d757695533eb94aa35bcd699f74aa77c44ed8fa7f60403972abaa2cbcda488e1797eb55fe7bd47ef98892f01ee745f5427e71f062ff27e9c70876e7870196791e0858581dbf0e20ced21610fbc3a4f891595f17b6852320681520553d55b73f5b4203701e54bf3027e4fb34229361de65713922b6d31f01c9abbdd020c8f6bb348dc6c06b77a2a3016b77120f87bbdeaf8de6d6a3dc68be4802fc78bcf857d9eead77f1cfdbb6e99e77951187f6d67be1fd7b3018bb71ff75438bde2da1c11dcc712cc4ee690c9247e91ed177e90ea1e646a39e46602a02b59b0f9bd9cadc20965dd47d1042d53794f90f2853e1620600103734fb644b874cff557edef32ef22f49f8fb8614dc1043a0129641f46c1dbc78a63064c4eef0c20e533a3b34aff18c116ba85a8a9630507944bc5e1b66aa960398b101f155f3f7cfc942b5ab9b818859bb4101868050ab1b9064ddee78b44e81a00e8cd62592d3e2ccba10d240c80e24338ea02068582762202eac767361325e3d50ac1373204a6c65370341628d5d5cdd709c157200fee7ec6e6f9a6072a7963d0543d369f7a8c0638eb8abe849837f97a09163adb71a48c8b1486f518bedb6efae19b5be5cb93e070764b00d37feb78302a451c2246110965c706d47d8a5ba827ab6af58e78608141f2bcf05fcd6f174c616d3cf0aacf3796008f69da0c98fad678622927a57f486fb3a0d601bf020601a1823f0e8d3c903cfad3eba334e5b9bffae94c77826e163dd8954a7e730793eecd267b15ad5d02c1ab496ef66c5029fd6ece09a65817bbb3da8db39431c8bc91b05ced6d8cf3c4ffcda5d81ac6da197e6073beb79b4323ac899c1530bd393959994cb0e93768bf8791accac6e44ad29d1f3e6d625e8ceb2c589deeee0cd6e770766a1c9cf72f765a5a1cf083776475c0fc3d5eb46ddfb9e5c0f74b17d475d8f1126ec8ee8d2b6a2a22d69927140b475c4571553499e4e76cf5fbe0edd85e75a5d123f5e04772999f42a51de816d28f7516dbc14fad5671d6d3d7ea04c962dbd0a5df65d471800629329d7fb5485745da0a30d00278278a89595a8dc0bc5ba8eaa9fbdd36389419db5660976d856813b8541cce48e1bd7a4f4d79474776337361638770e8ed5e9ee160028ecea9bad9c9d7db33add7d0300795abd076c8a2b03f55f6f5dd3e2ebca6e46044653dda59cc6e15a6951a20701e836c87f9d38bac0fb267577203fa5ea1c9e3299d213ac71075ae313760f54ff56ca764e661ee6a810c1eeea2a2e1d3cf6d168431c0701d880c579ec705a8c5f2d16a70e4ebd27d4d5500181d97701d357e0184080ef4b520163d6c3be6f11c2d7c5ef5a886927707a07cda710a1006fb7c71bf458b0bc83863ca6d55ac0f0aa0f71c90e6f93d0dbbad55f67380f572d098afe94605fd8db35752e92fbb4de624a1cd555a4cb511f718102b2f13bc98af01ef90529a65774cbdf3a66e852efe33b1c5c24579b62bd29c890717c17094b1addaa76f55f620d8b3c1f5d950f04f3318640d80cc910f055f26e134641c3f7b9e662164082ee81d97d583a9705bd17bb7a6a285da689212126be66eb7e83e3754488e557c935fa865d7823eaf701af90ffd45ea98488f44f8428f6a3b310ad3214e78c46db9efc497438881f7ffe3f779f98cb169f0000	6.1.3-40302
202001201041175_ExpansionForm	HomeForPets.Infrastructure.PetsDbContext	\\x1f8b0800000000000400dd5d5b6fddb8117e2fd0ff209ca7b6f0fac4f126c806f62e1c3bee1a8d2f889d45df0c59e23916a2cb5949276ba3e82feb437f52ff42498992781b89a46ec7c16281582487c3e10c879c21bff3bffffcf7e897a72874bea1340b92f87871b0ff6ae1a0d84bfc205e1f2fb6f9ea87778b5f7efef39f8e3efad193f35b55ef90d4c32de3ec78f198e79bf7cb65e63da2c8cdf6a3c04b932c59e5fb5e122d5d3f59be7ef5eaa7e5c1c11261120b4ccb718e3e6fe33c8850f107fef334893db4c9b76e7899f828cce8775c725b5075aedc08651bd743c78b5f93089d27e90dcab3fd8b7895ba599e6ebd7c9ba2857312062ee6e81685ab85e3c67192bb39e6f7fd970cdde66912af6f37f8831bde3d6f10aeb772c30cd171bc6faaeb0ee9d56b32a465d3b022e56db33c890c091e1c52192dc5e656925ed432c452fc88a59d3f935117923c5e9cba395a27e9f3c2113b7b7f1aa6a4e2f1a2988ab30ffb55dd3d877ed9abf500ab0bf96fcf39dd8664068e63b4cd5337dc736eb60f61e0fd033ddf255f517c1c6fc390e508f384cbb80ff8d34d9a6c509a3f7f462b81cf8bb385b3e4db2f4502757345db724417717ef87ae15c6166dc8710d50ac08cfe364f52f47714a314b7f66fdc3c47299ebf0b1f152294b800fa247f55bd62cdc3c6b4702edda74f285ee78f58b4eed3c2390f9e905f7da19c7c89036c7bb811d669247576e57e0bd6059f42b7d81ea26ce17c4661519a3d069bd20af649c97d33dbe769127d4e42daa42eb8bf73d335ca31c789aaf436d9a69e013bb71be40548cd5059a6644928929812cb556c1d2d1b5d6fb50032421ded27f5e6d07cd2af8dd657eda6d278d2df40da2e71d9616b29c21c9fe1ffabbec9bfef82c89cd4c79854aec87c48b0bab9b131952f7131f7d923f2fb923a431936206242534bf50e45f84ffccf389fbef3b360b50a3c6c51c11c432fd617dc7fa1f553777eb29ec384b45da486e4903115d08134dec1dea555de41edd22adfa2cbd145e4ae018f5614dd5317dc70c37c963c195b368273957861bf436e15e646dba716c3d271aa45c539bc6ad1b18d5bad1b4ee5577183c79dd8416aa8b7686a2ad5b752a852357534aaac39874a356b9fa94ee9ae9ac32955d9e34cdb355b5f63e7250cce19a2fa42e790feb6a4b53e03ec0c604e279b0d21d9664f6c74a58cc5ecd3567b0e53666b5fce07374354f38ac5852a6ec9d6b2ddbbd0ba5f3294760de3b20e8d9c649b2b94d71ded9764cfc90ef78f24fdba2f52c54b886edb4608af75857078f0b03a7cf7e6adeb1fbefd111dbeb1597008a717bea88ecaaa644072d5ee95a9ea025c230e5ebf1b638da8f81db75ffdfd0ca79d436adbcbd0341bd599436d3a1cdaeb376f07e9155cf089b9009b2766beef6935660f2595ca5b29b94a5f1740a898bb00d26a1017f01deba1e621a1231615b9413880366bf4729ac4ab208dfa87ab6edc2cc3eb94ffab9b8d70681137b1c8dba658ab6f7337da8cdedbcd6312a3ab6df4408c66babe069b9abb3f9273d7c3c78632c6d99bdea7c4fb9a6cf38fb14fa2ad5f724f0ebe6a1218849d13cf4359768e9519f9a7c9b6095ada191f59e5e6f626a7a11b00e707ba0edf57551a57c297486e4428b68a7eb572446bc80c95b100889fb2d4949d4fc93a88db25545591192a4b408e68b1294b84483b47b486cc505100f25396f6f2f9ec11a75080e14f4e05d9ef7d433b7e7c66ae7357317da4d3d15d5cd1d36f6eb81dba2b2b6b288c7d786b28c8eebe35146ce2cfdf029f6c6e34e20955654c5eabbe3a54d16d730267539b0337cca93b9f660d80cce524cb122f28ac8089663661549e75bc0b745a736f4da4afbc6f714972bb9bb0c8b11e2ffe26c9022258e7ac1a824d6497277ab010f5f23a3e4321ca9173e295b7b14eddcc737d7926b04c7cfe0b56659412a375c96129c3a618c4b9acf741ec051b376c635d686478db8930577723969ca10d8ac9d2d23617fdfbafbb1184d625a3a325a354edbac6e69a20c550269e988872b911d55734659ed6486f0d0628662520a6c01445c358951bd31f2978bfea251815c0fc846605ccc98b302c2ef1d4a11fa069a9356e50d50098b1b3cb9eaac6c9416796a14cb08d9671e3eedbf9142bb71ce80617dc96a83794199c44e55a62ed0ac69a34e4284a084b49471b94f9417d258425a1d3b93aeb3891220a213268aea1785933cf75a66412dd03027480ded128ce288aa796cc044aa716814ec760467c4a852b379e5df32b84433bd5ad6d3fa70ea276ed85e7dfca29f9d65230f5ed3d2b2de326a267e7136a198d6b77a98418e49e7b5913a2eac0b246c371a32e6bbc64265cd67811bc9865ad4c5b74cdaf90c3985bddf8a4c9f49b37a55826d4356efc3ba66a65dc11b7c9710b945621579467670fe42b7aca151179cc200dca6734be29ea00a17a8b72fec45d5c946f229d529443f2ad3c157a515322501e3e3b1a574f06a4d6d42d7734afeff94bedab737857ff82ae2b5991eca1836817212d22f4229444a45e2c0c4656a5c25b8746f7cb0664abfc712b59eaaf04b28cdef39ac45c4666ea285fb58866d81568af8752ebac64c95da17586046b3ce2eacb8f4e63e4dcfb0179dc60c8b733e8cb305c995acba05561de2ea9598c56ba762e8fb83506ac150566f8ae578996a14371dfb1669cbfe50e0aa06bce95e148bba18f3eedaa7b9e0a5def0892e986c99801d0f5b84df1e1a8166b41b2b3e82d14f1b6922c90b6608d4eb8861900157a8b2080100b20848ae9c1a440bd3e2c0445004123846025023e62d0b990f61875e547e161ab4eb43a675aab810be75060ee2ba6079302b52858088a5396c639cb4a04fcd968a025a0ba4e506febebb2a36509e1423f1c2d01ac97a34b77b309e23583fd42bf38b725f0cbe90fb7e64828514963e971d2150f21754f79926203104a71d798d3f320cdf23337771f5c7299e2d48fa46afc2106d86c567d49e71479eaaaad67d584fcbb6c0683e0ec43fb8a46a0e7788ce47d7f315c24ef02144d1d82c4e3866edaf2a8ef3409b751dc9df0eca656dec055d12b4b648a474b616cd2395692a61455e0e7476bf6a02d8cd5c415874af349533783445cc183b0c255438d74519127a9f96a30e50c880737e1cc777d6a158e074ba9faa64f85c3f160497105faf41a300f9658f3559f1207cec112e30a0c38e3f03638eeb8127d8a1c86064b902bd0a757c062b0744ee4d049ab7e0dba403549766968cad4c06c0b13ddc70db4322977a61a4b13d00e926e9d6161850ba65d603a2574024ba4fcb233b3539d5c079a1e1a0f349f1fa8e170eadf4e497621ecf7b18d7ca6c987b6fa56535fbde8b7b04d3660ab6fa2824754e50c8ad67813ec07453aa9b8eccf600ff05e26f3d2200a62177337c61c7548f62223ffbe5efda56df16304f5d7dd13b4b2b56c58636d9c7b389556b9cc2d56497ff904c7a44a6cbb0790cef303cf5c9d34b29f3d9804b839a7994a6e5f0e642f612ad51535960a746d6db6098422c4b69ea2c8ad99cf15d8729cb56ba85d207d47cf1d05cb4f863498a7d81231a6cc647fcabe96e7f7a96c89c1768a7f12cfeda8f822032ed987ef1c936c81153d40a2ea1a06a763e9a93b7744964af5292b1ebdb3a415c516b4153c8b6506e766f95d3c778a968b0de223f523797111deb1f09c229f33820b2c2f17f4f381008d7156d8615c28f366983b73359f0d69d157c11231fa7d27b50a4c5ef5d6aaf26e493fad0268c02b11f7ea965f885a9f0ac334b9a7b4dc62dff69418a667a6bb636b089f0f5384e0aa4b10fa61b6aa853296a68af593149f6a0bd5f57ec970f375df72ff99e1c08c39f086a251eee21e4a60c09c89a94c7976a58ca658a5d6ad3ab32964308f6836b1fb272da4f4625965e1544682cfef9b75f67bd87cb974e36085b2bc4403581cbcdaff49f8f98bddf9298a6596f91cee57cbef51f0b334c36f440471fe23b5be361c0f4bf0d3728354f654de746d08f5c0b490d785297f64601c91893f2c208acbf23702c8cfce64e559a8d78f043c244938c42f0458d1117f1ec04a360aa47f2b3a2ad07e2b420afc7d2b3a0c94be9dd2008b827429fd22f6d1d3f1e25f45bbf7cec53fef9ba67bce758ad7e9f7ce2be7dfbdf1f4b5fbaf1a1af46e88ee6eb1ca0c05ba3ece3ac302ad0fb824ab726b53038a8f23301944fc4558991deaaf8dbaf70219fbe6a6dea39bca883f3d30716b9a5db2254326ff2a3eef3917d99738f87d8b0beeb02110098b3888c6ae824b95f419b115de97ed944e0eb9ad3d63d81aca96bc25f4541e1e87db8499b2650f668c918c5fac852abd9b868869bb5e1b0c0e64583520c1baed2185adf6b72a3ce16edfac70552aa8601b420a14e09e6486111484ee6b450c84f6559e9974c6abc6fab5620e04fa2deda627ceaff61257351cc643f680709d7cd91b6733b9536e4f8241b5b17119e174c053454774ffbbc4fd1ccadfdec8a89e43919e518bcd8eefb681c2ae14803ab40804e6350ffef7bd3648836c93b8411872c1b41de0946a8bcbda3c449e1ae5917f6f3e15765fcbeb2793cc81638ab7fa326020bb1283e27bf989d1a484de25bd61be8e83b907bc73300283d207d98332ba562bf0d4eaa34add9adafc77a53cda330967ab47529d8e1cf974f0b32fc25b55e83a0ac09defc663812f8676d067194017cf87563ce516c760f2064124d65e675e2604f1aea00e37105cd3e3d575bcc5d1092599f9afee1724ba99958994cb0c567846084405ec593b28da98008853eb127415db20a3b73b90c1f39ec00c34f9459ebe8c34f40541ffeec8d243a111db8113bfa7a507baafbfa34b8f16acef8ee8d25cbba29934497b43343b68af0c8b254e277dbe20def26e83e42defbe1f2ffc87044f7a19286f81a714fb280f5e12fdf2b38ab61a0252244b5daf44977e571106b0f444cad53955225d15a86803d89720a46d692532f75cb1aaa3f2970bd5707050678d59821d3655e04e611c3ab1e37a6992faab4bdabb311b1bdd38b70e8ed669ef16c0986ceb9b7aced6be699df6be018c43a5de0336c59481faafb6ae712192c56586c7b693974b318cc3b452027df7c240aec11b5ba19081675bf2e9407c21d63a3c6932859765c30eb482986c1fa8fa0998e99c4c3ccc41519eedd595771d2ca4d360431c06c45983c569ec705c9866259caa0a11bf63ababa00202f4ef022c33c73100e2df15a402c6ac46ee9f1185d966dd3510d34e402df79a4f6e87023c491f6ed043212bf71af290566b80a42cbf2fc627bc6d4c6eeb967f916782eb860401b58a91c79dedea3a17f12aa98e9802475515e172d425ca5d1f1ffc4ed23c58b95e8e8bc915dde2e7aa2968d6c7e801f917f1f536df6c733c64143d849c4b2347d5b6fe0bb8689ee7a3eb0df92b1b620898cd000f015dc71fb641e8d77c9f2b2e660124c81998de87257399937bb1ebe79ad255126b12a2e2ab8feee47966888965d7f1adfb0dd9f086d5ef135abbde7373a51222d23d11bcd88fce02779dba51466934edf19f5887fde8e9e7ff036d0c70115fa20000	6.1.3-40302
202001201217373_ExpansionForm_SexColor	HomeForPets.Infrastructure.PetsDbContext	\\x1f8b0800000000000400dd5d596fdc38127e5f60ff83a0a7dd85c71dc7932013d83370ec78c7d8f840ec0cf6cd9025765b888e1e499db1b1d85fb60ffb93f62f2c295112af9248eae876100470f328168b553caac84ffffbcf7f8f7e798a23e71bcaf2304d8edd83fd57ae83123f0dc26475ec6e8ae50fefdc5f7efef39f8e3e06f193f35b5dee9094c33593fcd87d2c8af5fbc522f71f51ece5fb71e867699e2e8b7d3f8d175e902e5ebf7af5d3e2e06081300917d3729ca3cf9ba4086354fec03f4fd3c447eb62e345976980a29ca6e39cdb92aa73e5c5285f7b3e3a767f4d63749e6637a8c8f72f9265e6e545b6f18b4d865ce7240a3dccd12d8a96aee325495a7805e6f7fd971cdd16599aac6ed738c18bee9ed708975b7a518e683fdeb7c575bbf4ea35e9d2a2ad5893f2377991c686040f0ea98c1662752b49bb8d0cb1143f626917cfa4d7a5248fdd53af40ab347b761db1b1f7a751460a1ebbe5509c7dd8afcbee393465afd103ac2ee4df9e73ba89c8081c276853645eb4e7dc6c1ea2d0ff077abe4bbfa2e438d94411cb11e609e7710938e9264bd7282b9e3fa3a5c0e7c599eb2cf8fa0b9140535d51b7ead145521cbe769d2bcc8cf710a1460198dedf166986fe8e1294e1dac18d571428c3e37711a052841217409be457dd2ad63c6c4cae73e93d7d42c9aa78c4a2f59e5ce73c7c42419d4239f99284d8f67025acd3486aeccafb16ae4a3e8566b13dc4b9eb7c4651999b3f86ebca0af649ce7d3bdae7591a7f4e235aa5c9b8bff3b2152a30c7a92af736dd64be013bb76be48748cd5095a76449c8929812f3556c1d2d5a5defb400d2431ded27e5b6a1f9a45d1badafebcda5f1a4bd91b45de2b2c7d63284393ec3ffebb6c9df77616c4eea63420ad7643ea458ddbcc498ca97a41cfbfc110543499da11c1b1031a1b9a57a8762fc13ff9914f3377e162e97a18f2d2adc46d7cbf905b75f6afdec8da3a72d98501aa5d9f8eb94d0cac96a1bb383f6eaafa114c8980ab836b60b9ffd6a5d2f7cead5ba5e367539ba88bd15b0589759f77477d172c3244b8b349b37c1be41e2854d87760c3037dadb85b25b3afb85b2e036360c65c3363b86a6e25c5b065ce1712736c71aea2d9a9a4af5ad14aa524d1d8daa4a6e43a5dab9cf54a77467cdf194aa6a714b3b51dbb5c66e9530384289ea0b1db186db92d6fc0cb0338239d56a42e8761a55e33339c9d757a8d8af2bee5724cfc9d6f78f34fbbacf52c4c6a75baf35cfd7bae67978f0b03c7cf7e6ad171cbefd111dbeb19afd038b893fe8309583d7efa630951e037dfde6ed28ad820afc25c7a3a35e0c98f1bea7c5983541ca959706b9c8282a4d488dafd635d5dd576dc2a9acdecaa2a4433696503731b735d4fc4edbaeb6c69dacd77d8ac67adf2b5ffd3eadb5e73079b69b14e78397232a0dd128854ea9b827e368ce3da9350af7dff1bcad7948e871b3c55e188d30fb6bb4729a26cb308b877be26ebc3cc7935ff0ab974f7068919c40fe26c35a7d5b78f17af2d66e1ed3045d6de20734bd0f88696bb4a1b9fb233df77c7c6ca8dcb783e97d4afdafe9a6f89804c491fca5f065bfb2268151d839f17d94e7e7589951709a6e5a7fac9df191596edbbbafd3c80b81f3039d87efeb22edd68bcf91b65d42b695f7ab93235a4266a8f20540fc54b9a6ec7c4a5761d22da1ba88cc5095037244b34d592244ba39a2256486ca0c909f2a77b43d72a900e36f924bb2bbbf4b1eb69198de3fb3ad2d76397ca4d1c997b8b2a5dfbc6833765356d6501afbf8d65092dd7d6b28d9c4c9dfc2806c6e348e8e75614c5eabbcfa54da6f730267739b03d7cdb91b9f670e80cce524cf533f2cad80f166b66e549e75bc0b743a636fed21b5ba4a7249c2d6eba80c1f1fbb7f936401116c62562dc1d6b3cb133d7045bdbc4ece50840ae49cf8d545b3532ff7bd401e092c93804fc1aa8c3262b41e392ce5d814c3a490f53e4cfc70ed455dac0b950c2f7211e69a66c49c33b44609995abac66278fb4d3382d0fa6474b46094aa5bd7d85813a418cac013e30ca936a2fa8aa68cd31ae9ad4107c5a804c41418a26819ab6363fa3d05af8ebd04a302989fd1ac8031791186c5059e7af403342db5c68daa1a003376763950d53839e88c321409b6d132aedf431b9f63e6960343e084db1125829cdab3a85c476c4ac1581b719a44096129e968833214a4af84b024741a570798665244c145068d35e42f6bc7b98994cca27b80830ed03beac59944f1d4929941e9d422d069180c7ecea970d5c6b36f7c057768afba75ede7d44ed4bebdf0f6b7724abeb5144c7d7bcf4acbb88118d8f88c5a46fdda7d2a213ab9b73dad095e75605aa3eeb849a7355e32334e6bbc085eccb456852dfac65788616c5bddf8a0c9fc9b37a55866d435aeff3ba66a95df11d729700d94d52e5754e4670f24153d150a8f3c66903ae573eadf14758050bd45057fe22e2fcab79e4ec9cb21adad3c157a515322501d3e7b2ad74f06a4da7459eea9dedcf397ead7e7f01e0234e028370f5e1752754230982e82ad51f510a517072542cd6461c0541d0aefe48aee970dc8d6f1e34eb274bd12c8327acf6b1273199929a37cd5229a619fa3bde94aa3b39225f7b9d61912acf188b32fdf3b8d9e73ef07e47e832edf5ea72fc3706d6a1d9d56b979fba466d15be9dab9dce34e1fb0961798e1bb99253aba0ef97da71a71fe963b2880be3157ba23edba3ef9b0abee452b74bdc749a6eb26633a40e7e42ec587bd5aac05c9f3fc60a188b795648174396b74dc354c07a8d03b0401b8580021d44c8f2605baeac342503810345c085622e03d06bd13e9805ed7eb28dc6dd58956e74c6bd571e11c0a8c7dcdf46852a016050b4171cad238675989803f1b8d3405d4d7099a6d7d9377b4a8d06968c2d10280b139baf4d6eb305931b03634c5b9ad306d4e7fb8350779892b1a0b9f93ae7808695a2ad20c1b80904b9e8007e83cccf2e2cc2bbc078f5ca6380d62a9187f8801369b755bd239451eba7aeb5957217f57d5607c9f7d685fd10af41cf791401794dd45f22e4051d52120435ee4651d8ffa4ed3681327fd01cf7e6ad50d5c15bd2a47a678b410fa269d6325694a5e057e7cb4460fdac2580d5c79a8341f34753548c435f2092b5c358a4a1f157990da54832167f049b80167d2f5a9d510252ca53a4d9f0a0751c292e232f4e9b538252cb136559f12873bc212e3320c38e3a04438eeb81c7d8a1c3c084b90cb30a047103f383a24c140bf2af00e4eb5aa247d1a2534074be14476df74f230ea24d906fa25f12ac3135b9b1ce95e72a4d951b93bd6981e817a90749b280f2b5c30f403d3a9e01b582255cace8c4e7d7a1e6978a84fd27c7ca08ae3a97f3725791963d3a736f22d0d3e74dc8087fe22277f5f2fffd265a28ca7e1af36a6ca3aa6f52d5658a455610cb8b63cfc536d31ed6dab7e71bc7312c5279d202c6386e58b0ee66d34bf95c8fd2c8cc3c42bd4ebeef624db2d9f9d132f1fb99955c6b67b00c9a730f2c8353127fbd183498007041a2de5ce06400415a6525f9363a94057e7b636809097da76222be37be66305d69c6655186b1748dff273c7d12ac99006f31c5c22c6e499ec4fd917fbfc3e95cd3139a971cff2f9331b9765c025fbf89e6392cdb0a20748545dc2e0842e3db7e78ee952ae3e65c5c37b96b422db82b6826731cfe0dc2cbfcde74ed172b6818fa679a82f4ec23be62254c494265802ab0b0ec3d64080c63433ec384b28f36e993b73b5c986b4e8cb6489184ddf49ad02036883b5aabadf324cab001af04cc4bdfce527a2cee7ca304dee392f37d9773d6786e999e9eed41ac2c7e4142eb8fa2286be9badaea1f4a5a9e20d24cca8da42f5bda132dc7cdd77dcc1663830630ebc2569143fb987822830676238551e5d29aa2a166974ab89ae0a51d4231ad1ecff628814e2ac8ab84e6d24c7eed57a95ff1eb529975e122e515e548804eec1abfd9f84af8becce973e16791e70d8631d9ffbe047690b9fe00893e2476a7d5d58229600acd506a96aa9ba6ddb121a80ab21cf0b737ec3611a9189df6d10c565f90906f2559fbc3a0b0dfa06c3439a46637c80c18a8ef8f5052bd9283ea4604547f54d042b428acf1bd8d169bf5460a734ec4707faad5426c07c4fc08e016056926ee65f24017a3a76ff55d67bef5cfcf3beadbae75c6778a178efbc72fe3df8a302daedd7150d5a3784b8b798e6c6429e9f66a263d1e6475c1354c1bdb951d5a711988ca4fe22accc0e2adc46dd0721ad7df332ffd1cb64d8a30140da0dcd3ed9922e93bfcae43de722ff9284bf6f70c61d36042261110cd278ade26235437a6c0f936d31a4b3434c6b8f18b686aa266f09039587c79d3661a6aa39801913306a392ef2922c54b9ba698898d61bb4c1e09096551d12acdb1e57d96a83ad0255b6d9092af1926d0829a090079219475010c4b1153110df587968d3e9af1af0d88a3910edb8b29b8160c7da535c5d719c1572008eedecd3de349bc99d5af6242c581b1b97615e473c55f48417be4bf0d3b1d6db1b19da742cd25bd462b3e3bbada7b22f06a1f66d029101cd83fffda00dd228db24ae13865c30754738a5da82d3b6afb1952010b34093549011f30018763c0133095d38a6a0b32f030bb32f32298206cc0ca925b42ee90d933a0df020f0d042dba569a4366048d96a069e5b7d54b163539bffae94477b24e170f944aad313a49f0f83f745ac5635c4900275e8bb59b1c0274b3bb86619e0376f0fb279ce2d8ec1e08d02cbac3dcfbc4c1ce65d815e6e21c4e607edeb790ca4e34a325bbffa9fb0e8465666522e336ce52de2402ab0dfba91e1a644819c5b97a0bbe00611bdddc14ddeee09cc40935fe4e9cb48435f10fef18e4c3d141fb21b3df27b9a7aa007033b3af568611bef882e6d6b57b4254dd2de106d1db958c606138793be9f10af9977e1125797ef8fdde021c5835e39ca3b303ac536aa839744bf4a56d156e3608a64e9d22bd1a5e92ac200a0a048b93ea74aa4eb0c156d000014c4f5adac44e69ecb5635547dbe518d890735d69a25d8605b046e1406e3131b6ea626a9bd26a7bb19b3bed18d7367e76899ee6601a0cdaeb6e9cad9d9362dd3dd3600f4a8d47bc0a6983c50ffd5d6352d4eb438cdf0007ff27429ba71985a4ab4f34140d00d8265271e34f06e4c3e1d884fd43abb270da6f0b46ddc8ed6389bdd1d55bf41331d9399bb392ad4b5bdbaf24b078b29355a17c741b2d660711e3b9c16ab5a8929abfa2c40cf56574105fcc0c02e6053731c035f32e87352017d567fbe608b50d436f3ae819876026f7ad078723b14e04dfc789d1e0b5e7a5097c7b45a033869f981333ee16d12725bb7fa45de29ae5a1204552b413e77b66bca5c24cbb43e620a1cd54584cb5197a8f0027cf03bc98a70e9f905ce265774cb6f7653d4ae8ff1030a2e92eb4db1de14b8cb287e88b8258d1c55bbda2f31b3799e8faed7e4573e4617309b21ee02ba4e3e6cc22868f83e575ccc0248903330bd0f4bc6b220f76257cf0da5ab34d12444c5d71cddc9fbd00813cbaf935bef1bb2e10dabdf27b4f2fce7f64a2544a47f2078b11f9d85de2af3e29cd268ebe39f588783f8e9e7ff031f1a47203fa40000	6.1.3-40302
202001220915303_FormUserID	HomeForPets.Infrastructure.PetsDbContext	\\x1f8b0800000000000400dd5d5b6fdcb8157e2fd0ff20cc535b783d71b2bbd80dec5d3876dc359ad846ec2cfa66c812672cac2eb392266ba3e82feb437f52ff42499192783b12495d661c04013cbc1c1e92e79087e7909ffef79fff1efffc94c4de17941751969e2c8e0e5f2d3c94065918a5eb93c5b65c7df3c3e2e79ffefca7e3f761f2e4fd5a977b43cae19a6971b2782ccbcddbe5b2081e51e217874914e45991adcac3204b967e982d5fbf7af5e3f2e86889308905a6e579c79fb6691925a8fa817f9e65698036e5d68f3f66218a0b968e736e2baade959fa062e307e864f14b96a08b2cbf4165717899ae72bf28f36d506e73b4f04ee3c8c71cdda278b5f0fc34cd4abfc4fcbefd5ca0db32cfd2f5ed0627f8f1ddf306e1722b3f2e10ebc7dbb6b869975ebd265d5ab6156b52c1b628b3c492e0d11b36464bb9bad3482f9a31c4a3f81e8f76f94c7a5d8de4c9e2cc2fd13acb9f179edcd8dbb33827054f16d5549cbf3baccb1e782ce5a091032c2ee4df8177b68dc90c9ca4685be67e7ce0dd6c1fe228f8077abecb7e43e949ba8d639e23cc13ce131270d24d9e6d505e3e7f422b89cfcbf385b714eb2f65024d754d5ddaa3cbb47cf37ae15d6166fc87183502c0f5feb6cc72f47794a21cd70e6ffcb244399ebfcb105543a87001b4497ed5ad62c9c3cab4f03efa4f1f50ba2e1ff1d0fa4f0bef227a42619dc238f99c4658f770252cd34869eccaff12ad2b3ea566b13e24c5c2fb84e22ab7788c36540b0e49ce7d3bdb1779967cca6256a5c9b8bff3f3352a31c7992ef736dbe681053bb71b144448cf10cdd3b22465294cc9f93ab68e97adac776a00e9a189f49372bb907cd2ae8bd4d7f5e69278d2de48d2ae70d9a36b39c21c9fe3ff75dbe4efbb28b127f53e25856b32ef322c6e7e6a4de5735acd7df188c2a1a4ce51811588a8d0dca37a8712fc13ff9996f3377e1ead565180352ada45d7abf505b75f49fdec8da3a71da8501667f9f8fb94d4cae97a07ab0336f9f2fe75d06c371f4a876e5cd654c0fdb5dd3cdd77fc7af3d4eff8f5d66bcad165e2af810dbfcaba67164acb0d97ac6cf47cde04b687c20b9f0e591d3037c62647d52d139ba32ab80ba3a36ad8c5ea682ace6576e00a8f7b61601b88b7ac6a3ad17712282a9a2612454bee42a4dab5cf56a64c57cdf1848ab6b8236bd675af71db252c8e61b2f842c7b4e1ba64b43e03ec8ca04eb59810ba9d4ad5f85d4e8bcd152a0feb8a8794e405319fffc8f2df0e798a58f94cebb5eaf9da543ddf1c3dacdefcf0ddf77ef8e6fb6fd19bef9c56ffd061e10f3b54e5e8f50f53a84a8f82befeeefb515a0505989896c066c0cdf73d2bc6ed094aaeba35a845461169426a7cb1aea9eebf6857a70145bcb54549875c34a16e626e6da8f99db65d63893bdd6cfa048df7e0537fff21ab75e07179ae468af7ce2f101b0d5929a54ee9b827f368cf3da9350af75ff1ba6d7848e871d5257e148fb0fa1bb47296a5ab284f867bf36efca2c08b5ff88b5f4c7068511c49c136c7527d5bfac966f2d66e1eb3145d6d930734bd1f896b6bb4a9b9fb23bbf0037c6ca02ee0c1f43e64c16fd9b67c9f86c419fdb90c54dfb4218151d8390d0254141758985178966d5b9fae9bf291556ed7d6d759ec47c0f981adc3f77591d6f4127314b34bca76f27e7572c44aa80c515f00c40fcdb565e743b68ed2ee11aa8ba80cd11c9023966dcb1221d2cd112ba132546580fcd0dcd16ce44a00c637922bb2fb6f250f3324a6f7cfeccac4aea68f343af91657b5f4ab1f6fc76eca491b2a651f5f1b2ab2fbaf0d159b38f94b1412e3c6e0e85817c6e48dcaeb4fa5fd3a277136b73a08dd9cbbf179d600485d4e8b220ba24a0b386f66eb461559c756a0d7197b6b0fa9f43aca4712fadec45508fa64f137652c20824dccaa25d87a7645a2470b592eafd37314a31279a701bdac76e617811faa3381c7241453b028a39c28ad4f0e4b0556c5282d55b98fd220daf87117eb5225cbcb6084b9a61939e71c6d504a9696aeb918de7ed38c34687d6374bce484aa5bd6f858132418dac013e70ca186a8b9a069e3b456726bd141392a01310586285ac6ead898794fc1eb672f41a900e667542b604e5e84620981a71ef900554b2f71a38a06c08c9b5e0e1435611c4c66198a04bb4899d0efa18dcfb172ab812170c1ed8812414eed5944ae2336a561ac8d384d2284f0289948833614642e84f0489834ae0f30cd2488928b0c9a6bc85fd6ce7313299945f600071d2077cc8b3389e0e9476606a1d30f8149c360f0734e81a38667dffc4aeed05e71ebb2e7f44ed43e5b78f7a69c966f2301d3dfde739232612206363ea39431bf769f48c84eee5d2f6b92571d58d6983b6ed2654d1c9919973571085eccb246c3167df32bc530762d6e62d0647ee34d3b2c33ca9ad0ff3d1335ea77c4754a5c03e5b5cb1595c5f90349454fa5c6238f19644ef982f937651920546f51299eb8ab8bf2ada753f172287bab48855dd45408d0c3674fe5fac980529b6dcb3dd59b7bfe4afdfa1cde4380051cd5e6c1eb42ba4e480ad345b055aa1ea2ece2a042a8592c2c98aa43e19d5c317bd9826c1d3fee24cbf62b892c27f7a224719791b932da572db21af639da9bae3432ab68729f6b9d23c12b8fbcfa8abd33e8b9f07e40ed37e8f2ed75fa720cd7aad6d1699d9bb76fd41c7aab5c3b577bdce90336f202737c37ab4447d721bfef54332ede720707a06fceb5ee48b7ae4f3eedba7bd11a59ef719299bac9b80eb035b94bf061af16af41ea3a3f7850e4db4aea8074396b4cdc355c07d8a0770c04e0620106a1667ab45160bb3e3c081a0782810bc16908448f41ef423aa0d7f53e0a775b77a23539d33a755c3a8702735f333dda28308d82074173ca323867390d8178361a6909a8af1334667d9377bca408372ce1780940e11c7ff4379b285d73d0382cc5bba5b83867dfdcda03c52494c6321046573e84342d95598e1540ca25cfc8437411e54579ee97fe834f2e539c8589524c3cc400c666dd96724e51a7ae363deb2ae46f5a0dc6083a84ec8a76402f701f09fc41d55da45a019aaa1e012af2633fef78d47796c5db24ed0f78f653a3377075f4688e4af17829f54d39c72aa3a97815c4f9319a3dc884719ab8ea50693f69fa6ad010d7e829fce0ea9158faa8a893d4a65a4c398771224c38976e4ead8639e129d569e6540498139e9490614eafc53ae189b5a9e69404ec129e989061c1990047227027e4985314204678824286053d821a22d0210916f245014004d1a249e6342a780f9ec2a9eabee9942786d42188124bb35f1cc7596adbeb02ca2469831c3b5b6299453ad21aabb5b10d1659a01e34ba4dac881f5c308004d3a120103c119ab237b3539fc1479a1ee6d9b49f1fa8e278e2df4d49dd0cf9f4a9957c47930f1d5ae0a9bf2cc8dfd7abbf74a928e7aff8ab8baaf2ee6d738d95b67a5d3004aead4eff5486aabb6ed5ef96f76e44f179298caac863f52e847b612d1a244590474994faa57ef7deddc8768fcfde0daf18ff99758c5d6d00c53331f2cc35912bf7d98349749a85f2090388c3c254eacb763c15e802dece2610f275bb2e645594d07eaec09ad3ec0a6359810c114038d4d2244b1adca37285189767639ff2effe453b95cfb139ef098ffbc5939f9065c125ff845f6092cf70a2078ca8be84c5395f79b42f1cf6955c73ca9ae7fb3c694db6036d0dcf729ec5e95b7de12f9cc5d56cbb93b96abbb5a97bb3806a2253136c81f49ac4b03d10a031cd0a3bce16cabd7e16ce5c6db2252df6be5921c6d2f752aac030dc60a9a2b76486491540035e8984f7c3e242d4f9e819a6293c0a1616fbae47d1303d3bd99d5a42c4c89ec605575fe73077b3d535b4be345dd482042b752654df4b2c4be3ebbee32637c7811d73e05d4bab28cc3d148a81399383b2eaec2ab159b948235b4d8c568ac51eb3b868ffb74b9440292db2f06a2539595c6dd6c5ef719bf2d14fa3152a4a8a6bb0387a75f8a3f49d93fdf9e6c8b2284201c1ace3c323e22cede06320515a7ecbb4af0b91c411c6951a48b4257a67b72534009d435d17e6fc9ac43443267f41421e2ec78f4190ef0b15f42c34e86b100f59168ff12908273af277209cc646f34907273abaaf333811d27c68c18d4efbcd0437a1e13f7fd0afa52a01eecb064e0c881f29a0ea3518379a92519e085ca6217a3a59fcabaaf7d6bbfce77d5bf5c0bbcef15ef3d67be5fd7bf0d70d8cdbaf2b5ab46e89b5efb0528e05813fcd5ac9c3de8fb8ade8e28373c3bb4f33602aa4bbdb4a31b396b96196bb88fb20c8b72f7e1e3cfab98abf3400d1bba1d937b6a4cbe4af2af9c0bb2c3ea7d1ef5b9c718715818cb08c4a69bddd09e19e213d76c7eb7698d2d9b1ae8d670c6b03ad296ac240e11101b06d98a135073063838aad86565e92866a7737832166f506191802e4b3ae439276bb033c3bd9e83a74671763520bdcec424883c93c90cc380305612d3b11038196b5e73e93feea91979d980361979d4c7c1975d97889ab2b8eb3430e00d49d7dd99bc698dcab6d4f01a575d171156f76c453454f84e2ab44611d6bbfbd513156c722bd4329b63bbebb3a3bfbc2187af728105c303cf8df0f3290463193844e5872c1d51de194ea8a92db3e0bd7a251cc829142b12b14308b4970503adea2d9443f3c5bf4db9701cad917dc94d10b66c6f6925a57e4864b9d06011178ab61ecd2b4121b302aedb402cf2d3ebaf0b3adce7f55c2633c9370c47d22d1e989f3cf0706fc2276ab1aeb48037ff4d5ec58e0aba73ddcb32c80a477871d3da789633179a3e0431baf332f13107a5f30a05b2cb34ea0b3c9a19fe7447bee7805631a599949b8ec409e770848a901a1eb86a89b128e726e5982ae935b44f4f607c079b727300b497e91a72f2b097d4140cc7bb2f430a0ca6e18cbaf69e981de1cece9d26304b2bc27b2b42bab684792646c10ed1c4259052993a7933dc1906faa770124d3fbfb278bf021c3934e1de51d60a1721bf4e0a5d0a7c93ada7a404e992cdb7a15ba2c5d471840369429d7e75485749da1a30d20918200c3544b54ee856c5d43f43b927a703ea8b1562dc106db2270a3302aa0dc70b33429ed3539ddcdd8f58d19ce9d9d6365ba9b05103fbbda663b6767dbac4c77db00e2a456ee019de2f240f9d76bd7b480d5f23223220daacba5ecc6e16a6961d707215237509a9dc0d4c0d333f57420bf72ebec9e3299d2ebb8713b5a037e767754ff8ccd764e66eee6a898dbeee22a6e1d3c2cd5685d1c0752db80c579f4705ad06c2db8adeefb043da6ae860af8a5837d00c91638063ea9d0e7a402faacff8ec20e31b15dd65d8b61da0be0eb41f3295828c0b3faf13a3d16cef5a02e8fa9b516b8d6ea1b697cc2dba6e4b62efd459e3aae5b1204982b458170b66bca5ca6abac3e624a1cd545a4cb511f51e987f8e0779a97d1ca0f4a9c4daee8561f0f67c05fef9307145ea6d7db72b32d719751f2100b5b1a39aa76b55f81778b3c1f5f6fc8af628c2e603623dc05749dbedb4671d8f07da1b9980590206760761f96cc6549eec5ae9f1b4a57596a48880d5f7374274f4c634cacb84e6ffd2fc885372c7e1fd0da0f9edb2b951091fe891087fdf83cf2d7b99f148c465b1fffc4321c264f3ffd1f6814d3680ca50000	6.1.3-40302
202001221145440_FormAppUserId	HomeForPets.Infrastructure.PetsDbContext	\\x1f8b0800000000000400dd1dd96e1cb9f13d40fea1314f49e09d91acdd85d7907621ebc80ab12dc192177913a86ecea8e13e66bb7bbc12827c591ef249f98590cd3e7837c9be46866140c3a358178bc522bbf8bffffcf7f897a738f2bec22c0fd3e46471b83c587830f1d3204c36278b5db1feeecde2979ffffca7e38b207ef27eabdb1de176a867929f2c1e8b62fb76b5cafd4718837c19877e96e6e9ba58fa69bc0241ba7a7d70f0d3eaf0700511880582e579c79f764911c6b0fc817e9ea5890fb7c50e441fd2004679558e6a6e4ba8de4710c37c0b7c78b2f8358de1659addc0225f5e25eb0ce445b6f38b5d0617de69140284d12d8cd60b0f24495a8002e1fbf6730e6f8b2c4d36b75b5400a2bbe72d44edd620ca6145c7dbb6b9294907af3149abb6630dcadfe5451a5b023c3caa78b4e2bb3b717ad1f01071f10271bb78c654979c3c599c81026ed2ec79e1f183bd3d8b32dcf064518ae2fcddb26efbcaab4a5e357a80d405ff7be59ded222c819304ee8a0c44afbc9bdd4314faff80cf77e917989c24bb28a2314238a13aa60015dd64e91666c5f327b8e6f0bc3a5f782bb6ff8a07d07497f425145d25c5d1eb85f71121031e22d8280045fd6d9166f0ef308119ea1ddc80a2801992df55004b160a5828c6c4bfea5191e6a1c9b4f03e80a7f730d9148f88b5e069e15d864f30a84b2a4c3e27219a7ba813d269280cf6117c0d37259edcb0683ec4f9c2fb04a3b2367f0cb764162c71cd7d2bedcb2c8d3fa551d5a5a9b8bf03d9061608e354567b9bee32df029ddb2df443284788d44951e2aa04a4f87a195ac7ab56d7b533005368a2fdb8dd1c9a8fc775d1fabadf541a8fc71b48db052c3be65a0611c6e7e87f3d36fefb2e8ced415d24b8710de65d8ad40d24d6503e27a5ecf34718f405750e733481f0149a9aab7730463fd19f4931fde0e7e17a1dfa68468573905eda17347ea9f5930f0e9f669842699466c3af53dc28a79b19acc3e9768bbcbeec2ae83285660b7ab74935d02d680d45b9c456e4a9d7fca601b7e457e5cde2c9acf87565bdf29a62d3aee6ee2e881421c11730c5e82a061b85075256dd572e538b0d552c781e74dd08ce90800b5dae7283d4d818fb408d8e74bb4155d3393c213c856dbda076da4b2ccee1eb3763589c5249fada898b18849106f7d73ffc3880452e47419bee7598c5fd9d951b90e77fa459f02bc81f475f4c6ea1bfcb901adf1620de8e3edacd639ac08fbbf8018ebf4c52630d269abb3fd24be0230f9f78b8bde1bd4ffd2fe9aeb84802ec6b7f2e7cd1f5360430083aa7be0ff3fc1229330cced25debb2ba4d3e6ce13af632a6f3cf79613f8b40a8d8cbd7ab73dda45d2fd81a6129e5aa9dd6522d46550b1121b270aaf021b5b6e8bc4f3761a2e750dd444488d42831aaaa6d51c240f418552d4484ca0a253ea456868ef1225f6fe431bc5201b4cb7d13523ccdb71f61b1ac7b2f09dc4bbc3344b6fecb52008b5c03d3ceadf3f0dad479383a7c581fbdf9e147101cfdf83d3cfa617a4762fc500abb5f99ce7129c587071d7d892b47fa0d44bba187329f0dc452753bbc65c359dcddda8db4565533ff73387d451d46f0f71c82dc063b3adec0ca767bbdcd6bb97a0c6f5e4bb0fb6f5e4b3451f1d730c0def2aabb47dd1881376a5f1b48db99c16136b57d65c89c7af0691615a7e98267e2f0b30543ddffc922576569534c908bd6cfe54ed4f8ee89c6917099c9924f5aceb1e6b7d1615b219bc695875bf5c988331df9b946e3dd22d71667d5bc7fa13acbeeefec18c58c15e80ce8ef0c6fbc5f86e17e29d1e8b9e35878f55178eb94bcefab6694d32ed48abebbd8a4974a9f6eb79ddadc1e83546ada6f8df0de811c56c2e179c251719ae7a91f96f8b0c736751c9015c8451278faa0603b6a73fef3011fb96fa3f2e81b69e4829f06d7c9398c6001bd539fdc673b03b90f02511d10cb03437c9a632d910b54a88ac5ec6fc2806862c20cf702f83c23471c0f93429cc561e2875b106939c3f5329cfd98e8063e5f730eb730c14469596032b0d25f5c35637092e8e2ccf18ad22cbdc2d1fb6b9574a59b6d4ab424eed2254e393c89aa90eb5b5a701604b271ec2e05e682da9df34947a63c14dec5b8416768af29c4e06d3483e4e12da769c408a2e7e0134c23ee74a24b25f8a38ab9ed367736a2b0db550c6c54bbcd726642bbcdb260efed367bf8d4255fee246a6e75638fbe14da46fca551958d61cb84bac6d0bff7aac6dc395389567e01cd6a5157c393688a42710f96cb43675781bdcda6c54c0c0ef42455bc19df026c8314fbe62a4851375168f5c71f56134a2a8bfee34f30a9f8f8934a3994c1a8563dea28a8b9c629bfc678093aa7407e42ad53c8e425e99d7ec3278f377669dc484e83fcc2acadb9eda36a0c1f4ca4ac8af9bb68194377dfc1a70828882140651c40130f54c5cf2651394d14727a6755cda5093c5635274c06971f6f8ea28824f28bfa14a807cceae37958e4e70fb8143e15922030a2a88a03e755549c57090cf51616acf92eeffcb7b16661c914165e164a75be23002096aca3731555173a370e71477f21102b032689d67681ad3eca10419120970556f50d4f2d56552cc2026c754d530b558cd14b80365f7d08a0ea75b103401726522c28bd6f21f1d786a946f28bc5fc44ec3c5268706f344f98cc9dc700140c99f6f18699a5d4800bcc1d319105ca107767909b46bcd26f0df5b2b03605a1c2af37b5dcc56cb5c825116f8398b793c0d9107727db7a505d1b0735d9b210ac4910d689702e70aad0f41ae9c1b8505910351324614183c0a0130bd8609e820315c2bd19c07eff28d2af8e557547abbae66a777caa8b7fae04b79e8582627918c1206c654fb31034a040d0ee516fca851b3a22edda208a51188542be59d6351c50054e46e681726953efe6bbf7f36ea48fbebcc9ae9048d6f48e5da6e93e9322406aa24cb7850399bdfa5e4bb38f69ea8e57245d525570bc52e4553afe00b6db30d9507996aa12ef9624593afbeed63eeb504c60ac7c86cffcaeab19a94833b4ee73b5382741002fc32c2fce41011e00be737416c4423376d7a6f0a5ebb1848d9928bfdacdaebbe0bf493775c2a9a5caa8b40cbd4434e25c1a25b950340192ae1ece7a052290692e3f9ea5d12e4ebac385ddd0c83d31193c5223423c5e71b4091b77819b425485958f91f454f6cb4970e52eda5e68f26e2a16d7a97868e6cad3fa74411185d4965a889c4a98c3089c2a378756e7cca121d565e650989c393428a6c21c5e9b388706d6969a436212e1d0c0980a0bcc98dc360c764c8d3944265f0d0d90a9b0808753d030707081857e916c328c6a9122731865ae181ac2a91818d2f66fd3be3050da627b13398cc16d43ee82a8a481f8d90cadca537232b48a6d9681ad55f654319897b99db09bab610c08d57d31359c2a810763154991250c2a0784008caa3387caa6e9a061b235360683c9c5c19a0ea6ca024b3ae30683245de1044fc151790b8b8542c8b1c1ac1642ad396449b60d1ab4a4da01b60467becec2fc8a093918332c565bb80a4d760ec64f684af7c6804ae2d7035953f1c8c5deae1ac018c7c2cad6658745b94d56c0acc96db125ac2a1d8100ac2adf1fad2251f2a1344916f737d11e79bfb15755926a805db30ae95ab507735e79b8d07bce9303cd7e735e0143bd4e30dfceb3cb84f6837f8d34e90fe219a1ea1202a8e1d959963dd010d5c94b6f05294f85fbe9871cc4b846bdbe03424351dd0b994d8075007c20b155f700ec85a5ea38dcc6530f49f4c1e8f2b1b7d73309df7ec65ee5f8efebf55f0ca62e86fed71ef3d66ecef673e344f18fe57ef78a3af4b4842371146d3083b0bc0859ba97d4b7c76c4030f7b3300e1350c8a367f37156cf9fbd632f7b5b6a521e77191af67c4fe2ebd727bae6fe7cdd43eab4cbce2ef0b9a5cc63efbacd6ce9ebdf6bbebba430b0434e79c5d4ea2ce65e7520a3c68c3f9ab5962e7b3fc5f8bcaaed62722c25e19eec3a8aa96ce5f1f47bf9c55d2b99caaed9f414aab5a6b576e32ac7192f9a6c176634776b847066cf3769ac4d55d2fc6eceecabf3f2ee0792840374d264e1d5bb2bb4626f37f9ef515bf20124e11ae605c950b1383c58fec43da6b43f0f1badf23c60922c695e3762a534c38b4361527c5fcd575dc625c73448c4f1222391cbeb2da01e3932457332e59335e3b08c7fa6866797e38b33f811b39c1c71f47a72e6214da321de9b7182c33f36e3c41bc9bb314e70644fc0380192bce6e206a77d98c54d69e83756ba67a908807a3ec50901eaec9b9e61bd53af1130c2e7325749009f4e16ff2afbbdf5aefe79df767de55d6768b979eb1d78ffeefd848af1f875c75ea3d3ab3f19ff2bc8fc47207b3d4344a1edcd22c1e7011bc47ecb3fc39f20bb59c31135592e2f69180bbaead74bcecc031c3282cacc69763358fedc8693ad96bdb5e16254a4cf68b80092bc90d113cc308c52bd7ce1044cf9ec8574fd37a157fe0e861372ca47309cec7c7b9e6e69e5ea8e65f12bb491fa9c84bfef50c51d620767ebb83934544261c971f614666f1c8f955db36d161bd2d374a1717b22c0658e8bd9ff07dcb4c852b74d9a6f7f1c2da073ec0fc92dfd81f03799f07d28efe4464ce73e14e819e7bc7b067707cd51a6aa324d0f609bfd7c66f3c9a644b74186f49c42aeb263e5a9b3978f6343c58ce56e1bf98977c06e29b95feca6cfc9e9c4240fe774caa251cc29611f8aed3c19d7186cd7799b3c6aab380533f481ee7bedd707d9b53344586241f51d6076f64dd73d63e64d4942177dba9731f36e4e99b848779ddac279993815b7f4b0944f3532712e696e7492ac88c760c4646caa6bcdc6db3e3bfd51ddab7032cd53ab8fec060097c8a13387de37a53cc69254df311849753a6eaa4c984a5a9f217f5e9363b182be487363b532bea04cf77be2f254d9e2f4b9e4be259747f535c99eb93c9a74557bab4be4bea93681e0b7a4498adbc07ba6484639ea2df448cc236fef40bd3cb91b3b2dfa3ba253c9bb33797a9b3b8c12d52499cde751154dce229bdb90e3e8ccbea43e7f115a536792952497fd663447f995dcfeea8e49dafcf932e54f696a2c843748367c6333f332d3dfef4bc6fb391ddc8eefcff6c3cb9d3da5bd9843919769f5ed10ffc1842e613df98ce464113ca448f2e4604493c8941f83d819013e2996c196270be5c136beb900b9fd5c4a029c3c2e2c4fc0cb0f2139f9100693b4d10fab486c2e8c4de267e278a45c3686229db68eaa2ab8a1a5aa6aa3a74a91c45a37363116daa14913fdc8f22caafcc0f5522b0c5757c8065164be5552d541511735669450c170b972a82756532d8e32d103024c2edca64c3097daa349fafbd6ce97287abd17d02402d63e1ba0f876518c8ef31fe6ea09e7c5cc7dd03b2ca175a6623da1f24f47051f93ff40755e32d9038c1e2f22b848d142edf7e2d9835ef393594c14e98786237aa8570e7a914c5b7c79429dfe040ff4aa812bb946737aceb70b781f96cdb23d0769833e4ee04e1eebf3d0298406237198b7070c509c446e23bf2e20351432233189b9b1784d40cc408036aebb047f03457ee10f89372d089c5621813eb3656dda5c25ebb4de397318d54db83b7e1f600102b49f3dcd8a700dfc0255e30f9fc264b3a8d3bd5cc40f30b84aae77c57657209261fc10319303efc075e3974f26b0381f5f6ff1af7c0812109a2122015e27ef76611434785f4aee172a40e0ad7d75371acbb2c077a437cf0da48f696208a8625f1391c01f704708587e9ddc82afd00537a47eefe106f8cfeda7172a20dd8260d97e7c1e824d06e2bc82d1f6473f910e07f1d3cfff071833d985cfac0000	6.1.3-40302
202001221153088_ChangeUserIdToString	HomeForPets.Infrastructure.PetsDbContext	\\x1f8b0800000000000400dd5d5b6fdcb8157e2fd0ff20cc535b643d71bc09b281bd0bc797aed1243632cea26f062d71c64274999534591b457f591ffa93fa174a8abaf02e92ba8d83208047140fcf210f0f0fcfa13efeef3fff3dfee5318ebc6f30cbc33439591c1ebc5c7830f1d3204c36278b5db1fee1ede2979ffffca7e38b207ef47eabdf3bc2efa19a497eb278288aedbbe532f71f600cf28338f4b3344fd7c5819fc64b10a4cb572f5ffeb43c3c5c424462816879def1e75d5284312c7fa09f6769e2c36db103d1c73480515e3d4725ab92aaf709c430df021f9e2c7e4d6378996637b0c80fae927506f222dbf9c52e830bef340a01e26805a3f5c203499216a040fcbefb92c35591a5c966b5450f4074fbb485e8bd35887258c9f1ae7ddd54a497afb048cbb6624dcadfe5451a5b123c3caafa68c95777eae945d387a8172f506f174f58eab2274f1667a0809b347b5a787c63efcea20cbf78b22887e2fcfd41fdee0baf7af2a2d103a42ef8df0bef6c17e1113849e0aec840f4c2bbd9dd47a1ff0ff8749b7e85c949b28b229a23c4132a631ea0473759ba8559f1f419ae393eafce17de92adbfe40934d525758944574971f46ae17d42cc80fb08360a4049bf2ad20cfe1d263043b5831b50143043e37715c0b20b052e146de25f75ab48f3d0645a781fc1e307986c8a07d4b5e071e15d868f30a89f549c7c494234f75025a4d35068ec13f8166e4a3eb966d17c88f385f719466569fe106ec92c38c02577ed685f6669fc398daa2a4dc1dd2dc836b0401ca7b2d255bacb7c0b76565be88750ce102993b2c415094cf1e532b68e97adae6b670096d044fbf17b73683e6ed745ebeb7a53693c6e6f206d17b8ec986b19441c9fa3ff75dbf8efdb30b6277591e0976b32ef53a46e20b1a6f22529c73e7f80415f52e7304713084fa1a97bf516c6e827fa3329a66ffc3c5caf431fcda8700ed14bfb82da2fb57ef2c6e1e30c53288dd26cf8758a6be57433837538dd6e91d7975d059aa60f5fbd1da5578d1d0f037d84d65494cb72d5256a3fa179817313aae7cd82cb78097561bd5a9b72d37a00ee6e8b9421c17f30e5e82a061b85d75216dd556e56cb0df558f056e8b2111c288117fab9ca75527363ec37353ad2ed3a55afcee13de1696feb39cd612a4a25e96b272e6210461ade5fbd7e3380152f5b411bf57598c5fd1d9c1b90e77fa459f02bc81f465f8056d0df65488d570588b7a3b776f39026f0d32ebe87e32fad545b830dcded1fe925f0d1ae8078c5bde97d48fdafe9aeb84802ec9f7f297cd15d372430083ba7be0ff3fc1229330cced25debe6ba4d3e6ce13af63fa6f3cf79613f8b40a8d8ffd7ab73fd4abb5eb025c252ca153bada55a8eaa374486c8c2a9e28794dab2f321dd8489be87ea574486488992a3aad896254c44cf51f586c85059a0e48794cad8315ee4ebcd3fa6572a8076b96fc290a7f9f6132c0eeada0784ee25de4d225bfff540208b5c03d3caadf3f0cad479383abc5f1fbd7dfd0604476f7e8447afa77724c60fbfccb6c7c1c3871b1d7d892b5bfa0d44bba19b329f0dc452753bbce58bb3b8bbb51b69adaa66fee770fa8a2a8ce0ef3904c60d7674bc8195edf67a9bd772f518debc9664f7dfbc966ca2c7dfc2007bcbcbee1af5cb88bcd1fbb581b49d191c6753db5746cca91b9f6651719a2e78260e3f5b30d5fd9f2c725596be8a0572d1fab9dc899adf3dd138122e3359f2c99b73acf96d74d876904de3cac3adfaa4c599d284aed178b7c8b5457e9bf72f54f9effece8e51cc58c1ce80fecef0c6fb7918eee7128d9e3b8e85571f85b74e8df75df51ae5b40ba5a2ef2ebed24ba54fb7db4e6d6ed320959af65b23bcf72087d5e0f07dc249719ae7a91f96fcb0699b3a0ec80ec8451278faa060db6a93fff988d3f4dba84c97238d5cf0d3e03a3987112ca077ea9333706720f74120aa03eaf2c0909f26ad25f60215aa6239fb9bd0209a9830c3b500ce67e4a8c7c3a410677198f8e11644da9ee16a19ce7e2c74439f2f39875b9860a1b45d60d2b0d25f5c366d7023d1d533c74b4ab3f40a47efaf55a32bdd6c53434be22e5dc329a727511572e44b4bce4240368edda5c05c50bb733ee9c49487c2bb3a6ed019da6b0a317c1bcd207978cb691a3103d1b3f109a611979de852093e5531b7dde672230abb5dc5c046b5db6ccf4c68b7d92ed87bbbcd269fbac697cb44cdad6e6cea4ba16dc45f1a55d9986e9950d718f9f75ed5983367aaa1951f40b35ad4d5f4249a3285e23ae9968cf109544bd6ff26cd52e72fe753ae260aa3d5063120d353bdc42f185a826d60682f158c67dd64a8d51fe9d86b1a3f16fddb9f40d7f8989f4a399401c0563deac8b3b9c629bf9a790e3aa7607e42ad538cc973d23bfd265b1ee3edd2b8911c35f921655b73db47d5987e301965559ec545cb18b9fb363e4510470cbb2a632f9a18ac2a663989ca6922bfd36f10d4bd34812ba7ee0993c6e529e551149144db519d02d580597d240216f9f93d7e0a1f0b49e01d4954c5def32a13c1ab04a6ba82056bbecbef2cdaf8beb0640a0b2f4ba5caa909048825eba85c653284cacd26a4a3be10fc96119344c8bbc8561fc288a44860d182abfa54ad96ab2afe6341b63a1aaba52ae64524449b2f6d0452f5bad841a08b13291794deb794f8a3dad44bf2c3dcfc44ec4ce334bc379a274ce6ced40b4543a67dbc61662535e805e65c9ed805cab482d79558a019aff45b23bd2c954051a8f8eb2d2d77185e3de4922c8374b4d83c83d380b36985ce6eeb21756d1cd462cbc2de26816f27c1b960b542d36ba607eb85ca82a83b41128a3508c63a75011b4055f440c570ef0e60bf3915e557c707bb23845d73b53b26d8d57fae02b79e8542627918c1206c652fb31034a048d0ee516fc9855351a2ecda208a51188562be59d6353da00a9c8cdc07caa54dbd9befdecfbb893efaf2263bb62359d33b7699a6fb4c4a00a98932dd160e64f6eab344cd3ea6293b5e1258abeac1f152817f75fc116cb761b2a1f0b0aa27de8a80619dfdb0b247878a098da5cff433bfeb6a5a2ad20cadfb5c29c68e08e06598e5c53928c03dc0e7bcce8258788dddb5297ce9ba2d6163268e5fed66d755f0dfa49a1a18ec406554da0ebd443262cc93525c289a0049550fa3938108649a03a76769b48b93ee7061373572364f468f9488148f979c6cc2c65de84d21aac28e8fd1e8a9ec97d3c095bb68fb4193575375710d994477ae1c7ea98b8a3848ed538b21a7808d9801a79e9b53abb18d684af533732a0cb6114d8a2930a7d7021cd1c4daa7e69418c0229a185360c1198341c470c794985364708568824c81053d0c15c4d0c10f2cf48ba0fe30aa451e99d328317d680aa76260485bbf4d0f3354d459638d3c831adc36e42e0c9534103f9ba155794a4e8656b1cd32b0b5ca9aaa0ee6c7dc6eb09be3780c09d5193d359d0a3485b18ae491250d0a7743204695995365a151689a6c898dc160f04f58d3c114597049a39c304cd2054ef4143d2a7fc362a110704d98d5422835a72c4138a1494b8a1d684b78e6cb2cccaf0882c29861b1d8c255681051183fa179ba37065412bf1ec89a8a29177bbb6a40631c0b2b5b971d16e51620825993dbc796b42a08088158f57c7fb48a44c987d22459dcdf447be4f5c65e5509bc03bb6615d2b56a0fe6bc32b9d07bce938466bf39afa0a15e2718bc027699d0822c684693062160065507c2a0a6676759f64043549997de0a526685fbe9879cc4b846bd3e034253519d0b996d00eb00f840c3569d03b01f2c55c5e1369e7a4aa20f463f1f7b7b3dd3e0dbcfd8ab1cff7dbdfe8bc1d4c5d4ffda63dedacdd97e6e9c38fc63b9dfbda20e3d2de1483d8a369841581e842cdd4bea7b6f362098fb5918870928e4d1b3f97a56df3f7bd7bdec69a949fbb8cbd0b0f93d89af5f6774cdfdf9ba86d46997e52e70de52e6b1779d66b6f4f5ef34dfba521cd831a73c626a958bb9532564d49cf1a9597174850c2dff4aa35b4da696cbc81e57d9d1ee6b8b8474297965e1d5be34b2cfdb4dfe7bd43ef90892700df38260402c0e5f1efcc45d71b43fd70d2df33c60608c34770eb1a334c33d406152fc58cd3e1da69123d0105966494be4a8724ba8070aa56817a6bc48669c2ee32f8fe1bbcbf11e187cb5584e02dabd2e82b94fd368885b609ce8f057c038f58de43617273ab28b599c0849ee5871a3d35e97e2a634f4cd27ddb35424405d6ae2c40095e92454be81cc7f00b28b15ae92003e9e2cfe55d67ce75dfdf3aea9fcc2bbced04af1ce7be9fd5b4488ea8d944666bd01436d5596a39e379e18b75f57b468ddfac60b07dbdb0ff8abd1889ee3ca81fc1a776a55afd788327753c8042a41c5eca69efc260a27232bbb86c2c51a486f98702124b93ca22799613a4a7529841331e58d10d285db445ef915114ecc29ef8720f3a6e7f510c656beae583e7ee15de55f92f0f71d2ab845ddc1197b6e0e0d85b52bc93a4e61f6c67135dd17db31565a1e3ddf658e8bc0f803ee3664a8669342d18fa30534fcfc90bda5cfdb7d9758e84379273722d2f950a4679cf3eee0e60e9a333930f8cce693450bb76186d49c625c65d9bfa981bdc7b1a12298b7db0e7ce2dda61b5af5b3ddf439399d58e4e19c4e59188949e6f491d8ce93710d9e76a545e4e15645b2c2d007baebb55f1f64d7ce0861c905557780d9d917c97a46504a09ee861e95634c48ca29f16574a75e2d9c978951aaa559541e1162629865ae758229c37330226696eaf4a9f1b6cf4e7f54e96f27d33cb5fac8f2dcdcf7f69d5067df95f2188fa43ab53f92ea741c28981065590f1e3fafc9b158419fa5b9b15a199f1108fc9eb83c15a8971ef2eb7b72795487fef7cce5b10278df135d22c702b5386fdf9326290e6dee992219c1b7cfaf47468ed7f3d3176367e77900b1b7c850d4484d825b3d8fa66810696c4e3f8ea332fb026cfd2cb4a6c6099540877e379aa3fc066a7f75c704147d3e1cf4294d8dc5e00d82756e6c669e27b8f9bee099cfe917777c5db41fcef1ec80e522421e3fa6d5973ffc07123a3872f2d9c8c922b84fd1c8937c8a06a6926f83d819813e792ca32d8782e4c9362ebd40b929911127d7f5cae155f926240913a131c93bfa6615b0d542db24ec26b6479ecbda508025eba4aa62225aa9aa77f45229208a756d1363a16d9abca26f598e91c9375c2fb542737581ac1105aea952aa0e89baa43193848aa1cb95433db19a62b19589e0e119a453c59503caa58799820ac01a6159eb8306dfc0bc6a41e115df428a4175feb34bbde0fc30739f6b0e2b688d43ab1754fe5da5e06352fcca589d58ccc1f0ee5d46d142edf702d4bed7fc64161305b8cc70420f8561df4b64dae2cbe152fa0b3c1066bdabb846737a4e647ade87653194e7106d50e87977f1589f870688194cc46190e50d589c64dc46c68e971a0a999198c4dc5860c58b880368e3ba4bf0a753e417fe7078d392c0601b09f4992d6bf3ce55b24eeb9d33c751fd0a7734f0232c4080f6b3a75911ae815fa062fcbd54986c163598c7457c0f83abe47a576c77051219c6f7113339f00e5cd77e0988cff27c7cbdc5bff22144406c864804789dbcdf8551d0f07d293996a82081b7f6d5916a3c96053e5abd796a287d4a13434255f7351109fcc1768488e5d7c90a7c832ebc21f5fb0037c07f6abfd85011e91e08b6db8fcf43b0c9409c5734dafae827d2e1207efcf9ff30a6808155ac0000	6.1.3-40302
202001221204336_AppUserConnectForms	HomeForPets.Infrastructure.PetsDbContext	\\x1f8b0800000000000400dd5d5b6fdcb8157e2fd0ff20cc535b643d71bc09b281bd0bc797aed1243632cea26f062d71c64274999534591b457f591ffa93fa174a8abaf02e92ba8d83208047140f0f0f0fcf393ca43efeef3fff3dfee5318ebc6f30cbc33439591c1ebc5c7830f1d3204c36278b5db1fee1ede2979ffffca7e38b207ef47eabdf3bc2efa19a497eb278288aedbbe532f71f600cf28338f4b3344fd7c5819fc64b10a4cb572f5ffeb43c3c5c424462816879def1e75d5284312c7fa09f6769e2c36db103d1c73480515e3d4725ab92aaf709c430df021f9e2c7e4d6378996637b0c80fae927506f222dbf9c52e830bef340a01e26805a3f5c203499216a040fcbefb92c35591a5c966b5450f4074fbb485e8bd35887258f5e35dfbba69975ebec25d5ab6156b52fe2e2fd2d892e0e15125a3255fdd49d28b4686488a1748dac513ee7529c993c51928e026cd9e161edfd8bbb328c32f9e2ccaa1387f7f50bffbc2ab9ebc68f400a90bfef7c23bdb4578044e12b82b3210bdf06e76f751e8ff033edda65f617292eca288e608f184ca9807e8d14d966e61563c7d866b8ecfabf385b764eb2f79024d75495dd2a3aba4387ab5f03e2166c07d041b05a07abf2ad20cfe1d263043b5831b50143043e37715c0528402178a36f1afba55a47968322dbc8fe0f1034c36c503122d785c7897e1230cea2715275f9210cd3d5409e934141afb04be859b924fae59341fe27ce17d8651599a3f845b320b0e70c95d3bda97591a7f4ea3aa4a5370770bb20d2c10c7a9ac7495ee32df829dd516fa21943344caa42c714502537cb98cade365abebda19807b68a2fdf8bd39341fb7eba2f575bda9341eb73790b60b5c76ccb50c228ecfd1ffba6dfcf76d18db93ba48f0cb3599f7295237905853f99294639f3fc0a02fa97398a30984a7d0d452bd8531fa89fe4c8ae91b3f0fd7ebd047332a9ca3eba57d41ed975a3f79e3f071862994466936bc9fe25a39ddcc601d4eb75b14f5655781a6e9c3576f4791aa71e061a08fd09a8ad22d572291bae5aaecae8a245aa7cc14082e992db58d13da20c03d72a9db94472e35bfa61c5dc560a3085cca22513ed463413a74d9083194c00bfd5c153da9b9310e9d1a3dea8e9eaa57e708a0f0ccb70d9ee6b016a592f43515173108230defaf5ebf19c09097ada0b5fa3acce2fe31ce0dc8f33fd22cf815e40fa3fba015f4771952e35501e2ede8addd3ca409fcb48befe1f8de956a6bb0a1b9fd23bd043e5a1890c0b837bd0fa9ff35dd1517498043f42f852f46ec86040661e7d4f7619e5f226586c159ba6b235db7c9872d5cc712c874fe39fbf6b308848a1440eda3eb5744df4e4a0457ca15dbfa527552c230d850f1c3fa372bd7aef1ec15758973af4b14febd29b675f11fd24d98e82554bf228a889428655415db0a0913d17354bd2132541628f921a532768cc38e3a2381e9952aa90d409adce869befd048b83baf601a17b8997b8c8fb7c3d10c8a260c5b4721bcebc320d678e0eefd7476f5fbf01c1d19b1fe1d1ebe9439bf17342b32dbcf0f0e1464777ba654bbf8168377453e6b38198b3ee10bc7c719600bc0e6cad55d52c221e4e5f51851122d0ae75b86e9969e08c784babf055fdbdb5c1c257ce8bda4f3bd9fcd2a50d6ff34bb2fb6ff34b36d1e36f61801715cbee1af5cb88bcd1fbb5d5b69dae1c67531b7da69b53373e8da7739a2e78260e3f5b30d5fd9f2c725596be8a3be4a2f573c53835bf7ba27124ab6812879037e70844da3cbaed209b66e0870b45488b336da8baee5bb825f82d4e02f0f185eaa440ff60c728b5ae6067c0786778e3fd3c0cf77349dacf9deed3ac1fa8f1be13d71042a918bb8baff45269b422e9d4e676b7a852d37e3ec27b0f72580d0e2f13ae17a7799efa61c90fbb3aabd3a5ec805c2481a7cf9db6ad36db641ff181866d541e2c401ab9e0a7c175720e235840efd427a705cf40ee8340540724f2c0909f2655294a81ca9fb19cfd4d68104d4c98e15a006ffbe448e2615288b3384cfc700b22ad64b85a86b31f77baa1cf979cc32d4c70a7b422306958192f2e9b36b891e892ccf192d22c3385233ea76b7c390f34b7ba717bcd2d3be47cdda80ac6886242fd62fa6cd22e751665160de3724aaa31552598281342928e9368986aefa553e307d232b9348cd44c9ef8b4d23579ef7bb63e99aae94d993473d8a164e2a0cae9b95922076b5dedcc75d9477e9b6e6e7bcded0b2ac2832ad53aaaf5662533a1f96645f06cc203b2f1da35bedc2eecdceac66efb2ab48d84e5a32a1b239609758de9ffdeab1a7be45235b68af397b6a19f8aa04459da14d188caeba45f52d64dc659fd6193959e49c7a27ffb13e81a9ffd5329873215d8aa479d8336d738e59746cf41e714cc4fa8758a31794e7aa78f50e5d9de2e8d1bc997ca4f754fb2d296c9c16494553b2e2e5a66bddad6353ec50a484cc02a172e9a6cac2a7b39cdda5b9d039e3e86534b6982404e2d0993c6e59bcba32822c9bba33a05aa01b3fa70042cf2f37bfc143e1692143cea519585cfab3d095e2530d5152c58f35d7e98d266fa059729385e964ab5bb26102096aca372b5a721546e16381df58534b88c982457de45b6fa72482445d219165cd5877eb55c554b740bb2d5c95d2d5571874442b4f934492055fbc50e025d9c48b9a0f4bea5c49f6da75e929f7ee72762e7864ec37ba379c264eedc84a168c8b48f37cc6c4f2da450cd2bb51024518f26abdf4b046cb84291a898ecdd69fea0a4d86b5ddadb24f14d0f5b35bb351d57e4abbb84e7dc73e5602b53b09d4958970e8f3ecefca7106aed96a5644d92b24efacd25521553bc667a302954a6532d04499ad02051e8240236b9a79040c5706f01709f038b02d024af0cd2575d8a6b90b0a248d06152ef9e0be7a4c4be6b932946e9148af9c6bd6b24a04aa08c2c03a5cd53afeabbd7f56e5d1fdfbf490ef2488c7dc76ad374bd4975403a634d9787035981fa7451b39e69ca8e970412ac7a70bc5460871d7f04db6d986c282cb1ea89b7224062673facec91b5624263e93372e6575f4d4b459a2127c99562dc8d005e86595e9c8302dc037cf2eb2c8885d7d8d59b22a6aedb121668e2f8d5e1765d05ff4daaa941d50e5446a515e825ea23c68b29bb0b451320a9ea61643710814c7304f52c8d7671d29d36eca6464eebc9e8911291e2f192eb9bb08017a4296457d8f1311a3d95fd721ab872356d3f68f26a2a11d77053b470e5d0555d54c4416a9f5a0c39050ac50c38f5dc9c5a8d0b4553aa9f99536170a168524c8139bd161c8a26d63e35a7c4803dd1c498020bce18fc26863ba6c49c2283c94413640a2ce8619825860e7e60a15f043189512df2c89c468987445338151344dafaed7132868afa9499a63f831adc36f52e0c9534213f9ba155454a4e86b6ce3cdadb5a654d9580f931b71bece668184342755e4c4da7429b61ac2279644983022c11885165e654594c199a265b62633018e018d6743045165cd2f0300c937481133d8544e56f58380a011086f11642a9396509340c4d5a52ec405bc2335f66617e45f418c60c8bc516a1420325c3c409cdd3bd31a0923cf640d654dc7ab1b7ab0634c6b1b032bfece0945b1c0bc627b78f2d6955481502b1eaf9fe6815c93a0fa549e5ce9b83f6c8eb8ded55090a05ebb30aa9afda8339afccb5f79ef36463b3df9c57d050fb0906c18075135ad805cd68d2b004cca0ea6019d4f4ec2ccb1e68886a23a2b78294bbc3fdf4434e625ca35e9f05a1a9a8ce87cc368075027ca061abce03d80f96aae2700b4f3d253106a39f8fbdbc9e69f0ed67ec558effbe5effc560ea62ea7fed316fede66cbf304e1cfeb1c2ef5e59879e96702489a2056610960722cbf092fa029c4d08e67e16c661020a79f66c3ec9eae5b377e2654f4d4d2ae32e43c3eeef4962fd7a47d73c9eaf6b488376d9de05deb79445ec5da79a2d63fd3bcd7797140776cc298f9a5aedc5dca93664d49cf15bb3e2e80a3bb4fc2b8d6e353bb5dc8eec71b53bda7de593b05d4a5e5978752c8decf37693ff1eb54f3e82245cc3bc20a8108bc397073f71d743edcf554dcb3c0f186023cd7d4dec28cd70875298143f56b34f8772e4083d44dc2c69891c596e09f500cb14edc29497f08c2332fee21d5e5c8e77e8e06bd97292d0ee7589ce7d9a4643dca0e34487bf3ec74936929b709ce8c82eb5712224b99fc68d4e7bd58c9bd2d0b7c674cf52910075218c1303d44e27a1f20d64fe0390dd48719504f0f164f1afb2e63befea9f774de517de75863cc53befa5f76f1133aa37761a99f5060cb555598e7ade1663dc7e5dd1a275ebab421c6c6f3f28b046237a8e2b87456c2cd4aa5eaf11652ef59075a88419b39b7af22b3c9c8cacecfe0e176b20bd9ac38590e4d68d9e64861194ea360d2762caab34a48edba4bff2bb359c98535eac41e64dcf7b358cad7c5db17cfcc2bbcabf24e1ef3b54708bc4c1197b6e0e0d85be2bd9759cc2ec8d136aba3bdb313c2d0ff2ef32c745fcfe01571b92fdc36911f3c7d1021a257f4869e9f7edbe4b74f4a1a2931b11fb7c28d233ce7977b87307cd991c2a7c66f3c9e287db30436a4e31aeb2ddbfa9a1bec7b1a122bcb7db0a7ce2d5a61b7ef5b35df439059db8cbc3059db23412b399d3a7c776918c6bf2b46b5b449e6e556c5618c64077bdd6eb83acda994e587241d51d6076f6c5b69e113f5082bfa147e718133d704a9c19dda9578be065ef70ab67d425822a330d60d6841aa3f8bc4f6ce739a14fcf86366da1a643e24b4f86276da598fb82202d3d9cb1372ad306470207235a9869d54679aac629e29b5a7d64c7676c1dc377a53cc623a93e313492ea749c539a309c310376df93d8b84281d363c43df748c7e4eb903d8d8d8d40dbf74497c8f9512d30e0f7a4498ad3bd7ba6486690ec2d3614357c932058cfb3ccd260d2d89c7f1c67bdb52f10d7cf426b6ac4500988e877a339caafa0f657774ce0d1e743449fd2d4580cde20a8e7c666e679c29cef0bb2f99c014fc7f745fb11f5cc0e5d2e62e4f1635a7dfbc37f22a10326271f8e9c2c82fb148d3cd951d10055f26d103b23d0278f65b4e560903cd926e61728372532e2e40a5f39aa30df8464cb44684cf28ebe590580b5d03649ca89ed91e7b236e4f0c3dda8e966a0e9fa5e29307b756d1363a16d9abca26f598e92c9375cbb5aa1b9ba40d68802d954d9ab8e1e75f5c6ac2754ba4bae1cea89d5148bad4c0414cf609d2a2e1f50ba1e660a2a206b04b7363b2ebc7597e9b16dc125fb776c68ec7711fa5cdb2d0b71f483776fe079b528ef8a6f587b7652989cdc67b6c376b4c60fd67754fe3dacadc24ddccde101ec7b991ec64f2a907386ebf45078f5bdba4c3b3339164cff0e0f864fcfc7b12c92f21cd67650007af7eeb1710f0d1333581787c1973760711a2f392e82bc7446c966d324f3d202315ec41d408bd75d823fa022bff0e7c39b960486dc48a0cf2c5b9b77ae92755aaf9e398eea57b803821f610102b4a63dcd8a700dfc0215e3afa6c264b3a8213d2ee27b185c25d7bb62bb2b5097617c1f319303afc275ed97b0f82ccfc7d75bfc2b1fa20b88cd1075015e27ef776114347c5f4a0e272a48e0e57d75b01a8f65810f586f9e1a4a9fd2c4905025be262b813fdb8e10b1fc3a59816fd08537a47e1fe006f84fed771b2a22dd03c18afdf83c049b0cc47945a3ad8f7e221d0ee2c79fff0f87f7831a97ad0000	6.1.3-40302
202001240941435_AddOrderForRegistration	HomeForPets.Infrastructure.PetsDbContext	\\x1f8b0800000000000400dd1d6b6fdcb8f17b81fe07613fb545ce1bc777875c60dfc1f1e3ce68621b59e7d06f062d71d742f4d893b439bb457f593ff427f52f9414f5e05b24f55a1f82005e511c0e6786c3e10c35f3bffffcf7f8a7a738f2bec22c0fd3e4647178f07ae1c1c44f8330d99c2c76c5fa9bb78b9f7efcf39f8e2f82f8c9fbb57eef08bf877a26f9c9e2b128b6ef96cbdc7f8431c80fe2d0cfd23c5d17077e1a2f41902edfbc7efdc3f2f0700911880582e579c79f764911c6b0fc817e9ea5890fb7c50e441fd3004679f51cb5ac4aa8de358861be053e3c59fc92c6f032cd6e61911f5c25eb0ce445b6f38b5d0617de69140284d10a46eb850792242d4081f07df73987ab224b93cd6a8b1e80e8ee790bd17b6b10e5b09ac7bbf675d329bd7e83a7b46c3bd6a0fc5d5ea4b125c0c3a38a464bbebb13a5170d0d11152f10b58b673ceb9292278b3350c04d9a3d2f3c7eb0776751865f3c5994ac387f7f50bffbcaab9ebc6ae400890bfef7ca3bdb4598032709dc1519885e79b7bb8728f4ff0e9fefd22f303949765144638470426dcc03f4e8364bb7302b9e3fc13587e7d5f9c25bb2fd973c80a6bba42f99d155521cbd5978d70819f010c14600a8d9af8a34833fc30466a877700b8a0266887f57012c492860a11813ffaa4745928716d3c2fb089e3ec064533c22d282a78577193ec1a07e5261f23909d1da439d904c4361b06bf035dc947872c3a2f510e70bef138ccad6fc31dc925570805bee5b6e5f6669fc298daa2e4dc3fd1dc836b04018a7b2d655bacb7c0b74565be887508e106993a2c4350948f1ed32b48e97adac6b57009ea189f4e3f7e6907c3cae8bd4d7fda692783cde40d22e60d9b1d63288303e47ffebb1f1df77616c0fea22c12fd760dea748dc40620de57352f23e7f84415f50e730470b082fa1a9a97a0763f413fd9914d30f7e1eaed7a18f565438c7d44bfd82c62fa57ef2c1e1d30c4b288dd26cf87d8a1be57433837638dd6e91d5975d059aa10fdfbc1d85aac68687813c426b28ca6db92289745baedaee2b4ba2dd949906614b665b6ded84d60870b75cea31e5964b8daf29465731d8280c97b249a40ff558a00edd36820d25e0423f57594f6a6c8c4da7468ebaada7ead5390c28bcf26d8da739b44529247d55c5450cc24883fb9befbe1f409197a3a0b3fa3acce2fe36ce2dc8f3dfd32cf805e48fa3ef412be8ef3224c6ab02c4dbd147bb7d4c1378bd8b1fe0f8bb2b35d660acb9fb3dbd043e3a1810c3b837bc0fa9ff25dd151749804df4cf852f5aec86000641e7d4f7619e5f226186c159ba6b2d5db7c587355cc711c874fd39efed671108152e807a8fae5f11f776d2226ca55cb3ed5eaa764a181a1b2a7cd8fdcd6a6bd7ecec1574c9e65eb728f6f7a6d9768bff906ec2444fa1fa159144a44549a3aad9964818881ea3ea0d11a1b241890f6995a1636c76d41e090caf1449ad01d2f8464ff3ed352c0eeade0704ee253ee2a2dde7cb810016192ba69d5b73e68da9397374f8b03e7afbddf72038fafe5b78f4ddf4a6cdf83ea1d90e5e987d78d0d137dd72a45f41b41b7a28f3d540d459b7095ebe388b015e1bb6d6a26a66110f27afa8c3081668d7395c77cc34d88c784dabd8abfaefd606075f392eea7dda49e7975bdaf03abf04bbff3abf44133dfe1a06f850b1ecee51bf8cc01bbd5f6b6ddbe5ca6136b5d267a639f5e0d3ec744ecb05afc4e1570b86baff8b452ecad257f1845ca47e2e1ba7c6774f248e78154dec10f2e61c8648eb47b765b2a9077e3853848c385340d5356ee1e6e0b7b809c0db17aa9b02fd8d1d23d7ba029d01ec9d9b0ced6408ce27b80973b408c8f59feec525eb37c75293e1e1b2f05470a65a8637d90624e13f4b58f32cc6615dc8038713c65240b344dedd02300e7e469950df57afb79a46fd96a07734af0e72ea1ade847c19e6e34b091dce1d74d07831287edf8b9e0ca155f42088aff412e9d3edb6539adb987525a6fdb64fef3dc861c51c9e26dc2c4ef33cf5c3121fd64754076d58865c2481a78fe0b4a336c1fa8ff85ad5362aaf3721895cf0cbe0263987112ca077ea933bcb6720f741208a03227960884f133011a94079f159ccfe260c881626cc702f8083cf58d1854921aee230f1c32d88b494e17a19ae7e3ce9063edf720eb730c193d292c06460e5a975d98cc171a28b32c74b4ab2cc048e58be5dfce5ece0b9c58dbbf1d2a2436ef98e2a600c2926942f66ce26e35237e2669130ceb3ade2a9cacd4da91062324d2261aa0870a7c40f2465726a1889993cfc62256bf2d9f71c7d3251d3ab3269fca243c844a6cae1b96922076d5ddd0fe8d28ffc6581b9f535773b41611e54019f51b5374b9909d5374b8217631e90eb1f5dfce5ee82cc2d6eece51385b411b37c546163c832a1ac31f3df7b51632f7eab78abb8056e6bfaa9004a84a575548f28bc4ef22545dd84cfeacf2bade44cca8bfee34f206b7c0c42251cca80442b1e7524cc5ce294df3bbe049953203fa1d42978f292e44e6fa1ca634e5d1237d25e2affb6649293b68c0e265c56c57d5da4ccfab4ad1b7c0201d3c41a541c36093cb4fc96472acd959f41ec62d223bf9364764f62aa937a37f35ec0a95d0c1a280fdb9a0882cae33e8dbf481db798fedca1a6d204870f35254c06975fcb1a451049ac08f529500f98d5f17758e4e70ff8297c2a24612334a32a72945771345e2430d4152c5893a3fca4b38d4e09669ea02f5928d5bd140100d97d3b3a577138a1737328efe82f846e64c024f19d2eb0d537b72228a2f42db0aa3f97d16255b9952cc056dfbc68a18a513d09d0e6a35e01546dcb750090a9791938f9eedc01bc6b9ad229528baa85c47f7246bd24ff288d5fe59d11ce06f746ac054dd11995a460c8449bd7faec4c2da8502d5a351124c70029feec49c08904acfd4e81a890ec3d69fefb0571d6ba3890c4a32e448268b655aa4333714500a78b78ce3357325b1993e88c4ab84c78743ef35f28aaa55b16a330895238c9371759502cf11ae9c1a850a94e3511247e7303cfb91309586fb7820215c2bd09c065e91009a0f1e61af873bb04d7c0834b81a06db0de3317ae2f8b73d77a178dfc8b14f28deda0a180caa338320d943a4fede6ea7674b94d7d74bda7bbc42912c0d40d63eb88a126a6300935a43270bd746e392efba3e44ea0649bec700298ba01a81948759de9a97d20fd595f546c8e994ddbf192e438ad1e1c2f15c9508f3f82ed364c365472d4ea89b7229951cfbe59d9a70a8d098ca5cfd0993f143723156986c4816bc589c40278196679710e0af000f025d2b320165e630fd58ad3483d96706e16f9571f54ea2ef86fd24d9d25f640a58e5b825ea239e20478e574a1a83c255d3d9caa164420d37c53739646bb38e98e40744323177f65f0488b08f178c9cd4df0ab08d4149c5e2c7f8cb8a7d2fc4e8c2b9d1cf64c93775391b8ce9f4913579e8bb30b8ac8a4f6a905cba92c970cc3a9e7e6d0ea449734a4fa99391426d1250d8a693087d766bba481b54fcd2131d92b69604c8305664c424a063ba6c51c2293649206c83458c0c379231938f881857c9114908c689147e630ca048f348453d16fa7eddfde4c65a0a82fac6ae633a8c26da37802aba47192d914adca527252b4b543d85ed72a7baa08ccf3dc8ed94dbc8a01a10a62a9e154dfbb315a913cb2844165601380516de650d92479344cb6c546613099f058d5c1345960497facc820493738c1535054fe86c5462164b863760ba1d51cb224d71d0d5ad2ec005b8233df66a17ec574788c1a169b2d4c8526371e6327344ff746814a2200036953312266af570d608ca36165fbb2c3a6dc26e662f6e4f6b125ac2af59600ac7abe3f52459c27434992cc7164223df27e63efaa24ad16bb6715d2bd6a0fd6bc324ad17bcd937873bf35af80a1de2798944cec36a1cd23a5e1269d678961aa2ecf941a9e9d66d903095185707a0b481957ef271f7210e32af5fa8a0e0d45756d673606d6a18381d8565dd3b06796aae370074f3d24d106a39f8f7dbc9e89f9f2d0c840a220bd62632f18666054ec50e5c9a159639693473f0a9f0d8785cfb7ce77701ce2207f26b8e6ce2c7d72b606d44ccbc37e43bbcaf1df37ebbf18ec6c18fa5f7b6c6b765b5abf538e28d4639d4e7b39e57a1a0a2351f42c4d82b0bcc65d9ebea85c2bacbf3cf7b3300e1350c89dcbf351564f9fbd232f7b1d73521a77291a36fc2d390ad75745cc8fbb750fe9995616dac3617d993eeefa7ec85293df6bbe95a030b0434e7941de2a5479af8a57aa31e36f2e88dc152e30f0af34b2553d697e371718aacb03dd255e85db04e49585571f35917ede6ef2dfa2f6c9476482ac615e90fc4b8bc3d7073f70e560f7a734eb32cf0326bba2a63e2bcba5196aa68649f16db5fa74e9141d538d926d968c443eb46801f5488e2fea85298b6e8e4332bed0264f2ec79a99b80c734ee23dbd8a663ea4693444c54c27387cb94c27da482a5f3ac19115b1740224a947e906a72d2de926347495c8ee552a02a00a403a21405d042050be82cc7f04b20a745749009f4e16ff2a7bbef3aefe71df747ee59527e177de6befdf6276c6deb992c9aa3740a8edca62d4b33aa4f1f875478bd1ad4b033ae8de7e49371b89e8c9572e19ac3151ab7ebd38ca64dd954da84ce869b7f4e425fb9c94acac5e9f8b369096e27301244991dc13cc30845255cf7302a62c9d27ddb84de62bafa5e7849cb2901e59373debe8196bf9ba63f9f89577957f4ec2df76a8e10e918353f6dc1a1aaada8624283f85da1bc7d474df6cc7d869f9a25e2e6b5cacd735e06943965663d20a59e348015d156b486ae9c3da7fc86a48435927b762ada3a140cfb8e6ddcb1b3948cee4a58166569f6cbd201b6448cf29f82a0b8e4f5dda671c1d2a96f3713b814f7cdaec57afc6818fd3d48d1987c7aa5a314e9c3638d3d89f25dd64aeafdb69baa3b45b619317eba3703a23e1290f774692793d99d8639f19db19deaebefeae289e3c3aa088ad199aecf7bdd6c4204e2666129658507d07589d7d8b9ecc98585a92e44a9f026bccb4d2532673d37dc360616bef5d4193196589a46ea3861fbf66c91412a3f8585b1c47f395e7de952599ad0c8985980e597864b2f4a55682b92fa545a47789f646645ae348c060440d33add8282f8139597c538b8fecb697edc6f087121e634eaa2fb88d243a1dd7ea263467cc2afeec896d5ca55a55d8c613d4f799da36567debb7a7b6b151359f3d912572dd59214ae317ef995a921497d1f74c90cc6af5b4391229f64d52da649e639626c398cd75dd71ce5bfb52fbe445484d9d969bc2c0b4cecf8b911ce537adfb2b3b267573e62b9533a5aab160de20e5708cd5cccbab7f33ef715d9eb19f42c6ade0ce0b38c41b7e48bd778e20b76a35fb52a0664e93bae383cbfdb0ab67af4023e6d4e5795a7d0cc96dcedafa32e44bba9345f09022ce93989d2625383f06d9c904f8e4b10cb63ced360fb639550a909b1619f0d37c7b0d0b79fd067e0849504e184cf28e7e5845a910616cb28f88e391e7b2311459b775b3aadc29da5955efe867a5a88ea01b9b280bedd0e415fdc8f2acdafcc0b531270c5737c80651e49037aab0635c604736b0517e7625713b08db45543382527e5db98caad777d32c8e3251652026457bf34cd0dadae03d05a1bb7ed5fc8580aca74cf3b6cd89dd7f624317fb110b0f68a765418e7ef57c9aaa02dab23e8adc023d27292c4e2efdc1b013adcb1ee8272acf53602b70134f938ba00c50b1a897ea61b66b45c2bfe1263d5481a25e53a63733790abbfe131eac20116f4eb30520e6d0b683561c729f1e6b7ed1d9ed069be23005850c509c846f13940c72d9587496ae3a35dd00dbcdb87580a40a46a65c26515316757fc4f438c7cb4fbb047fe74b7ee12c179b1604ce0c95409f712634ef5c25ebb4f6697018d5af7017833fc20204a000a75911ae815fa066fc716f986c1675e6a98bf8010657c9cdaed8ee0a3465183f448caec0be11ddf865712316e7e39b6d79221a620a08cd104d01de24ef77611434785f4a2e252b4060a74bf56d08e625967ab8796e205da78921a08a7c8daf0867178910b0fc265981afd00537247e1fe006f8cfede7852a20dd8c60c97e7c1e824d06e2bc82d1f6473f910c07f1d38fff07936e91a92ec00000	6.1.3-40302
202001270610046_NewFieldsForOrders	HomeForPets.Infrastructure.PetsDbContext	\\x1f8b0800000000000400dd1d6b6fdcb8f17b81fe07613fb545ce1bc777875c60dfc159db774613db889d43bf19b4c45d0bd1634fd2e6ec16fd65fdd09fd4bf5052d4836f91d46b7d0802784571381c0e678633d4ccfffef3dfe39f9ee2c8fb0ab33c4c9393c5e1c1eb8507133f0dc26473b2d815eb6fde2e7efaf1cf7f3a3e0fe227efd7fabd23fc1eea99e4278bc7a2d8be5b2e73ff11c6203f88433f4bf3745d1cf869bc0441ba7cf3faf50fcbc3c3254420160896e71d7fda254518c3f207fab94a131f6e8b1d883ea6018cf2ea396ab92da17a572086f916f8f064f14b1ac38b34bb81457e7099ac339017d9ce2f76195c78a751081046b7305a2f3c902469010a84efbbcf39bc2db234d9dc6ed10310dd3d6f217a6f0da21c56f378d7be6e3aa5d76ff094966dc71a94bfcb8b34b604787854d168c97777a2f4a2a121a2e239a276f18c675d52f264b10205dca4d9f3c2e3077bb78a32fce2c9a25c8ab3f707f5bbafbceac9ab860f10bbe07fafbcd52ec22b7092c05d9181e89577b37b8842ffeff0f92efd02939364174534460827d4c63c408f6eb2740bb3e2f9135c73785e9e2dbc25db7fc90368ba4bfa92195d26c5d19b85778590010f116c18809afd6d9166f06798c00cf50e6e4051c00caddf65004b120a5828c6c4bfea5111e7a1cdb4f03e82a70f30d9148f88b4e069e15d844f30a89f54987c4e42b4f75027c4d35018ec0a7c0d37259edcb0683fc4f9c2fb04a3b2357f0cb764171ce096fb76b52fb234fe94465597a6e1fe0e641b58208c5359eb6dbacb7c0b746eb7d00fa11c21d22645896b1290e2db65681d2f5b5ed7ee003c4313eec7efcdc1f9785c17aeaffb4dc5f178bc81b85dc0b263af6510617c86fed763e3bfefc2d81ed479825faec1bc4f11bb81c41acae7a45cfbfc11067d419dc11c6d20bc85a6a6ea1d8cd14ff467524c3ff859b85e873eda51e11c532fe50b1abfe4fac907874f336ca1344ab3e1f51437cae96606e970badd22ab2fbb0c34431fbe793b0a558d0d0f037e84d650946ab92289542d576df79525d12a65a64150c96cabad9dd01a01ee964b3da6dc72a9f135c5e832061b85e1523689f4a11e0bd4a1db46b0a1045ce8e72aeb498d8db1e9d4f051b7f554bd3a87018577beadf13487b42899a4afa8388f411869707ff3ddf70308f2721474565f8759dcdfc6b90179fe7b9a05bf80fc71741d740bfd5d86d8f8b600f176f4d16e1ed3045eede20738be76a5c61a6c69ee7e4f2f808f0e06c430ee0def43ea7f4977c579126013fd73e18b16bb218041d039f57d98e717889961b04a77ada5ebb6f9b084eb380299ee3f67ddbe8a40a87001d43aba7e45d4eda44550a55cb3ad2e553b250c8d0d153eac7eb352ed1acd5e419728f7ba45a1df9b665b15ff21dd84899e42f52b2289488b924655b32d9130103d46d51b22426583121fd22a43c7d8eca83d12185ec9925a03a4f18d9ee6db2b581cd4bd0f08dc0b7cc445dae7cb810016192ba69d5b73e68da9397374f8b03e7afbddf72038fafe5b78f4ddf4a6cdf83ea1d90e5e78f9f0a0a32bdd72a45f41b41b7a28f3dd40c459b7095ebe388b015e1bb6d6ac6a66110fc7afa8c3081668d7395c77cc345046bca455e8aafedadae0e02bc745ada79d647ea9d28697f925d8fd97f9259ae8f1d730c0878a65778ffa6504dee8fd5a6adb6e570eb3a9853e33cda9079f46d3396d17bc1387df2d18eafe6f16392b4b5fc51372e1fab96c9c1adf3de138e25534b143c89b731822ad1fdd76914d3df0c3992264c49902aaae710b3707bfc54d00debe50dd14e86fec18b9d615e80c60ef5c67489321389fe026ccd12620d77fba3797acdf1c5b4d8687cbc653c1996a1b5e671b9084ff2c61cdb3198775210f1c4e184b00cd12791f2400b34ae381ae4c745d0c49420707b8835754b605efabd75bb9a87e4b90929a570739230e6ff0be0c63f7a5043ae70e91687c2ed47adf8b7e17a155f47788aff462e9d3edb6939bdb087bc5a6fd94bdf71ee4b05a1c9e26dc2c4ef33cf5c3121fd6a3558798d805394f024f1f6f6a476dae167cc497c0b65179190b71e482df06d7c9198c6001bd539fdcb05e81dc0781c80e88e481213e4d7847a40215736031fb9b3020da9830c3bd000e956341172685b88bc3c40fb720d25286eb65b8fbf1a41bf87ccb19dcc2044f4a4b0293819567ec653306b7125d94395e529c65c670c44eef5a5fce6a9f9bddb8fb392d3ae44ef2a80cc6906242fe62e66c322e757f6f160ee3fcf0aa355539e52911424ca649384c15afeee4f881b84c4e0d233693078bac784d3efb9ea34fc66a7a51268db6743099b8a872786e92c8415a57b719bae4237fb5616e79cddda550980755786a54e9cd526642f1cd92e0c59807e4b24ad7fa723757e66637f6aa8c82db88593e2ab331649990d798f9ef3dabb1d7d4556babb8b36e6bfaa9004a98a575ab8fc8bc4efc2545dd649dd51f835af199742dfa8f3f01aff11113157328c3272d7bd4713b738e537e9df912784e81fc845ca7589397c4777a0b551e21ebe2b89174a9fc4b98494eda323a98acb22a4aedc265d6a76ddde013309826d6a05a6193c043bbdef2b8aab9f033885d4c7ae477e2ccee494c7552ef5ebc17706a178306cac3b62682a0f2b84fe32f52c72da63f77a8a934c1e1434d0993c1e597c8466144122b427d0ad40366f56d0158e4670ff8297c2a24612334a32a72945771349e2530d45b58b02647f9016a1b9d12cc3c415eb250aa5b340200a27d3b3a577138a1737328efe82f846e64c024f19d2eb0d517c2222822f42db0aa3feed16255b9952cc0565fe868a18a513d09d0e6136401546dcb75009089791938b976ee00de354de914a94dd542e23f90a35e927f42c7eff2ce0867837bc3d682a4e88c4a523064accd4b7d76a61654a836ad9a08926380147ff624e04402d67ea7405448f69e34ffb585386b5d1c48e251172241f4b255a24333714500a78b78ce33572eb63226d119957099f0e8ebcc7f4fa9e66e598cc2244ae1c4df5c6441b1c56ba407a342253ad54490f8cd0d3ce74e2460bddd0a0a5408f726009753442480c69b6be0cfed625c030f2e0582b6c17acf5cb86c2dce5deb5d34f22f52c837b68386022a8fe2c83450ca3cb59babdbd1e536f5d1e59eee12a7480053378cad23869a98c224d490cac0f5d2a9725cf4a3e44ea0444d7638014cdd00d40ca4b2cef4d43e90fcac2f2a36c7cca6ed784932b2560f8e978ad4adc71fc1761b261b2a956bf5c4bb25795c57dfdcda27368d098ca5cfd0993f143723156986d8816bc597b5037811667971060af000f025d255100bafb1876ac569a41e4b38378beb571f54ea2ef86fd24d9dd3f640258e5b825ea039e2bbe7e574a1283c255d3d9c58174420d37c01b44aa35d9c744720baa1918bbf3278a4458478bce4e626f855046a0a4e2f767d8c564f25f99d16ae7472d82f9abc9b8ac475b64f9ab8f2cca15d50c4456a9f5a2c399593935970eab939b43a2d270da97e660e8549cb4983621acce1b5b9396960ed5373484cae4d1a18d3608119933e93c18e693187c8a4c4a401320d16f070964b060e7e60c15f246125c35ae491398c321d250de154f4db69fbb737531928ea0bab9af90c2a70db289eb054d238c96c825665293909dada216c2f6b953d5504e6d7dc6eb19b7815034215c452c3a9bece63a42279640983ca172700a3dacca1b229fd68986c8b8dc060f2f6b1a28369b2c092feb49241926e7082a7a0a8fc0d0b4521e4e363b485d06a0e5992998f062d6976802dc1996fb310bf62f23e460c8bcd16a64293c98fb1139aa77b234025118081a4a91811b397ab0630c691b032bdeca094db34628c4e6e1f5bc2aa128509c0aae7fbc355c479321427c91c4726dc23ef37b6562549c0589d554875d51eec796594a2f79e27f1e67e7b5e0143ad27980452ac9ad066bdd2ac269d158a59545d562c353c3bc9b2071ca20ae1f4669032aede8f3fe420c615eaf5151d1a8aeadace6c0b58870e065ab6ea9a86fd62a93a0e77f0d443126d30faf9d8c7eb99165f1e1a198815a4576cec19c30c8c6a3954597de8a531cb20a41f85cfddc3c2e75be73b380e71905f09aeb995a54f6e2803aa4981c37ae7626b2f6695e286f5ae92677bb359edd5eb658effbe5effc540cf62e87feda164ed146cbf3397b8c5c63a2bf77211f6345b46a2e82a4d82b0bc545e9e05a9cc2facf73ef7b3300e1350c85dddf351564f9fbd232f7b3974521a77091a36182f3998d71757cc0fdf750fe9095b1668c4970c64daa1eb6b264bbd72aff97283c2c00e39e5757dabc0e9bd2a7aaac68cbf4721aeae709d827fa5e1adea49f3bbb94e515d65e82e8f2bdc6d20af2cbcfae08be4f37693ff16b54f3e2283680df38264835a1cbe3ef8812ba5bb3f656d97791e30992935b56dd9559aa1de6c9814df56bb4f978ad2314d2b51b36424f2d9470ba8476101512e4c59b0741c92f1454a797239d61bc525ac73127dea5570f4214da321aa8d3ac1e14b8d3ad1465235d4098eac00a81320492d4f37386d594e37a6a12b6c76ef521100553cd30901ea5a0281f21564fe239055efbb4c02f874b2f857d9f39d77f98ffba6f32baf3c97bff35e7bff167345f6ce334d76bd01426d5716a39e95358dc7af3b5a8c6e5d56d141f6f64b01da7044cf75e512e91a13b5ead76b45998cc5b20995e945edb69ebcdca1939095d53a749106d232862e8024e9a57b82198650aaca834ec0946507a58adb64bef23a844ec8298b10927dd3b306a1b194af3b968f5f7997f9e724fc6d871aee10393861cfeda1a12a9548ae084c21f6c63135dd95ed189a962f88e6b2c7c55a67039e3664493e26ad2e360e17d015c586a4963ec8fe87ac243594757223d6891a0af48c7bdebd349403e74c5e566966f1c9d65ab24186f49c625d65a1faa9cb228d2343c552486e27f0894f9bfd6afd38ace3343577c65963559d1da7953638d3d89f25dd78aeafdb69cea33457cac6c56464abd4181c8fdc8abdbc584f89d3490d4f79b8939accf7ca4440fbccd8cefc778d3874c512e5310a4584cff0e070df6b670eb23f9949586241f51d40a5f52d043363b26d49e22f7d5ab031536d4f99e04ef75d8785c5bf77455e66e42592ce8e1a7efc3a2e53708ce20376711ccd97af7b57aa65b6d22c166c3a643196c952ba5a31e6be945b91de68da1b96698d2301831125ccb46ca3bc8ae664f14dcd3eb23b67b68ae10fc53cc62ba9be663712eb745cee9bd09c31ab82b427b671957e56611b4f50f3686adb58f5fde39edac646158ef68497c8a56b052b8d5fd0686a4e525c89df334632ab5fd4e68da4966f92722ff31cb33459d76c2e0d8f73deda977a302f826bea54e51406a6b58f5e0ce728bff3dd5fde31a925345ff9a029458dc5e20d5222c858ccbcbc9a40f31ed7e5550c2864dc8a10bd8043bce1c7e57be70872abe0b32f457be634a93b3efbdc0fbb7af6aa3c629e617e4dab4f3239e5acadb943bee73b59040f295a7912b3d3a449e7c7209a4c804f1ecb60cb5391f3609b53a500b96991013fcdb757b090d7b4e0879004e584c124efe88755944f11c6267a441c8f3c978da1c844ae9b55e54ed1ceaa7a473f2b45c508ddd84458688726afe84796671ae707ae8d3961b8ba41368822afbe51d521e3a243b2818d72d62b89db41d82ea29a1194f2ebca7954bdbf9b66719489aa253169eb9b6782d4d606ef2908dd35bde62f8e643d657a6ddb3ce1fd2736740124b11883765a16e4e857e3a8a9b4a02d75a4c870d07392c2e6e492300c3bd1ba14847ea2f26c09b60c37f134b908ca00559c7a891e465d2b92200e37e9a18a36f59a32adcce469fdfa4f78b0224dbc39cd16c59843da0e5a85c97d7aacf94567fc1b6c8ac3145932407192759ba08c928b62d159baea747d03a89b716b2349058c4cb84c22a62c6a2189497a8e979f7609feda98fcc2b936362d089c9f2a813ee34c68deb94cd669edd3e030aa5fe12e067f84050840014eb3225c03bf40cdf813e330d92ceafc57e7f1030c2e93eb5db1dd1568ca307e881859817d23baf1cb824f2ccec7d7dbf24434c414109a219a02bc4edeefc22868f0be905c4a5680c04e97ea0b15bc9698ebe1e6b98174952686802af235be229ce32442c0f2ebe4167c852eb821f6fb0037c07f6e3f725401e95e0896ecc76721d86420ce2b186d7ff413f170103ffdf87f27a6a15ef0c10000	6.1.3-40302
202001271115069_NullableUserImage	HomeForPets.Infrastructure.PetsDbContext	\\x1f8b0800000000000400dd1d6b6fdcb8f17b81fe07613fb5456ed78eef0eb9c0be8363c7774613db889d43bf19b4c45d0bd1634fd2e6ec16fd65fdd09fd4bf5052d4836f91d46b7d0802784571381c0e678633d4ccfffef3dfe39f9ee2c8fb0ab33c4c9393c5e1f260e1c1c44f8330d99c2c76c5fa9b378b9f7efcf39f8edf07f193f76bfdde117e0ff54cf293c563516cdfae56b9ff0863902fe3d0cfd23c5d174b3f8d57204857af0f0e7e581d1eae2002b140b03ceff8d32e29c218963fd0cfb334f1e1b6d881e8631ac028af9ea396db12aa770562986f810f4f16bfa431bc48b31b58e4cbcb649d81bcc8767eb1cbe0c23b8d428030ba85d17ae18124490b50207cdf7ecee16d91a5c9e6768b1e80e8ee790bd17b6b10e5b09ac7dbf675d3291dbcc6535ab51d6b50fe2e2fd2d812e0e15145a315dfdd89d28b8686888aef11b58b673ceb9292278b3350c04d9a3d2f3c7eb0b76751865f3c59944b71fe6e59bffbcaab9ebc6af800b10bfef7ca3bdb4578054e12b82b3210bdf26e760f51e8ff1d3edfa55f607292eca288c608e184da9807e8d14d966e61563c7f826b0ecfcbf385b762fbaf78004d77495f32a3cba4387abdf0ae1032e021820d0350b3bf2dd20cfe0c1398a1dec10d280a98a1f5bb0c604942010bc598f8573d2ae23cb49916de47f0f401269be21191163c2dbc8bf00906f5930a93cf4988f61eea84781a0a835d81afe1a6c4931b16ed87385f789f6054b6e68fe196ec82256eb96f57fb224be34f695475691aeeef40b68105c23895b5dea6bbccb740e7760bfd10ca11226d5294b8260129be5d86d6f1aae575ed0ec03334e17efcde1c9c8fc775e1fabadf541c8fc71b88db052c3bf65a0611c6e7e87f3d36fefb2e8ced41bd4ff0cb359877296237905843f99c946b9f3fc2a02fa87398a30d84b7d0d454bd8331fa89fe4c8ae9073f0fd7ebd0473b2a9c63eaa57c41e3975c3ff9e0f069862d94466936bc9ee24639ddcc201d4eb75b64f565978166e8c3d76f46a1aab1e161c08fd01a8a522d572491aae5aaedbeb2245aa5cc34082a996db5b5135a23c0dd72a9c7945b2e35bea6185dc660a3305cca26913ed463813a74db083694800bfd5c653da9b131369d1a3eeab69eaa57e730a0f0ceb7359ee690162593089bbcc35e89411869507dfdddf703c8ed721474345f8759dcdfa4b90179fe7b9a05bf80fc717495730bfd5d86b8f6b600f176f4d16e1ed3045eede20738be32a5c61a6c69ee7e4f2f808fce01c40eee0def43ea7f4977c5fb24c016f9e7c2170d74430083a073eafb30cf2f1033c3e02cddb586ad9b5ac602ade3c463baff9c55f9590442c589bf56c9f52ba22a272d82e6e49a6d55a7da0761685ba8f061d5999526d728f20aba4497d72d0a75de34db6af40fe9264cf414aa5f1149445a9434aa9a6d898481e831aade10112a1b94f89056193ac65646ed80c0f04a96d4da1b8d2bf434df5ec16259f75e12b817f8448bb4cf97a50016d926a69d5bebe5b5a9f57274f8b03e7af3ddf72038fafe5b78f4ddf496ccf82ea0d9ce5978f9f0a0a32bdd72a45f41b41b7a28f3dd40c459b7c55dbe388bbd5ddbb1d6ac2a358047e457d461040bb4ebd8ad3b551a28235ed22a74557f6d6d70ce95e3a2d6d34e32bf5469c3cbfc12ecfecbfc124df4f86b18e043c5aabb47fd32026ff47e2db56db72b87d9d4429f99e6d4834fa3e99cb60bde89c3ef160c75ff378b9c95a5afe209b970fd5c364e8def9e701c71229ad821e4cd390c91d66d6ebbc8a60ef7e14c1132e24cf153d730859b3fdf22f0cfdb17aa8b01fd8d1d234fba029d01ec9deb0c693204e713dc8439da04e4b64ff7e692f59b63abc9f070d9782a38536dc3eb6c0392f09f25ac7936e3b02e64dbeb0f1de184b104d02c8176c3e36657e03c1ee88644d73d90247470803b7845655bf0be7abd958beab70429a979759033e2f006efcb30765f4a5c73ee1089c6e742adf7bde877115a457f87f84a2f963edd6e3bb9b90da8576cda4fd97bef400eabc5e169c2cde234cf533f2cf1613d5a7588895d90f749e0e9e34deda8cd4d828ff8ced7362aef5e218e5cf0dbe03a3987112ca077ea930bd56720f74120b203227960884f13de11a940c51c58ccfe260c883626cc702f8043e558d0854921eee230f1c32d88b494e17a19ee7e3ce9063edf720eb730c193d292c06460e5197bd58cc1ad4417658e57146799311cb1d3bbd697b3dae76637ee3a4e8b0eb9823c2a8331a49890bf98399b8c4b5dd79b85c3383fbc6a4d554e794a841093895dd583e5f2505858255409ab283877206e91cfca885de4411f2b9e91cfbee7e893b18c5e2449a3261dcc222eaa1c9e9b447190bad5ad842e39c75f51985bee727722146abe0a338d2a8559ca4c28865912bc18354f2e9d74ad2f7703656e7663afbc28b88d98d7a3321b439609798d99ffdeb31a7bbb5cb5b68aabe6b6269c0aa084595af7f888ccebc45f52d44dd659fd0da7159f49d7a2fff813f01a1ff9503187320cd2b2471d7f33e738e547952f81e714c84fc8758a3579497ca7b750e591ae2e8e1b4997ca3f6099e4c42ca383c92aaba2cd2e5c667d6ad60d3e0183696206aa15360920b4eb2d8f8f9a0b3f831844d7696c7e21d83d89a94eeadd8bf7024eeda2f35f79d8d64402549ef349c4a426fe30fdb9434da5090e1f6a4a980c2ebf0c360a2392980fea53a01e30aba3feb0c8cf1ff053f85448c23f6846550428afe2613c4b60a8b7b0604d8ef2bbd136ca24987982bc64a154b761040044fb7674aee26942e7e650ded15f08c1c88049e2345d60ab0f7b455044e85b60557fa4a3c5aa722b5980adbeb4d14215a37312a0cd97c302a8da96eb002013f3327072eddc01bc6b9ad229529baa85c47fe846bd24ff148edfe59d91ca06f786ad0549d1195da460c8589b97faec4c2da8506d5a351124c70029feec49c08904acfd4e81a890ec3d69feab0971d6ba788ec4a32e4474e865ab448766e28a004e17f19c67ae5c6c654ca2332ae132e1d1d799ff2e52cdddb218854994c289bfb9c882628bd7480f46854a74aa8920f19b1b78ce9d48c07abb1514a810ee4d002e158848008d37d7c09fdbc5b8061e5c0a046d83f59eb970695a9cbbd6bb68e45fa4906f6c070d05541ec59169a094796a3757b7a3cb6deaa3cb3ddd654c9100a66e185b470c35318549a8219581eba553e5b8e847c9dd3e899aec700298ba01a81948659de9a97d20f9595f386c8e994ddbf18a2452ad1e1caf1419578f3f82ed364c365406d6ea89774bd2af9e7d736b9f8f342630563e4367fe50dc8c54a4196207ae155fba0ee04598e5c53928c003c09741cf8258788d3d542b4e23f558c2b9595cbffaa05277c17f936eea54b44b95386e097a81e688ef9097d385a2f09474f5703e5c10814cf325cf591aede2a43b02d10d8d5ce095c1232d22c4e3153737c1af225053707ab1eb63b47a2ac9efb470a593c37ed1e4dd5424ae9374d2c49527fcec82222e52fbd462c9a9549acc8253cfcda1d5d9346948f53373284c364d1a14d3600eaf4da949036b9f9a43625264d2c098060bcc98ac970c764c8b39442693250d9069b0808793533270f0030bfe22792619d6228fcc619459246908a7a2df4edbbfbd61ca40515f3cd5cc675081db46f184a592c6496613b42a4bc949d0d60e617b59abeca92230bfe6768bddc4ab1810aa20961a4ef5951d2315c9234b1854de370118d5660e954dcd47c3645b6c0406937f8f151d4c930596f427920c927483133c0545e56f58280a21af1ea32d845673c8920c7b346849b3036c09ce7c9b85f81593f03162586cb630159a8c7c8c9dd03cdd1b012a89000c244dc58898bd5c3580318e8495e96507a5dca603637472fbd8125695f04b00563ddf1fae22ce93a13849e63832e11e79bfb1b52a49e6c5eaac42aaabf660cf2ba314bdf73c8937f7dbf30a186a3dc1248262d584367b956635e9ec4ecca2eab25ba9e1d949963de0105508a737839471f57efc210731ae50afafe8d05054d776665bc03a7430d0b255d734ec174bd571b883a71e926883d1cfc73e5ecfb4f8f2d0c840ac20bd6263cf18666054cba1cace432f8d592620fd287c0e1e163edf3adfc1718883fc99e09a3bb3f4c90d654035a96c58ef5c6cedc5ac52d5b0de55f26c6f36abbd7abdccf1dfd7ebbf18e8590cfdaf3d94ac9d82ed77e612b7d85867e55e2ec29e66cb48143d4b93202c2f959767412a830bebbdcffd2c8cc304147257f77c94d5d367efc8cb5e0e9d94c65d82860dc64b0ee6f5c515f3c377dd437ac296051af125039976e8fa9ac952afdc6bbedca030b0434e795ddf2a707aaf8a9eaa31e3ef5188ab2b5ca7e05f6978ab7ad2fc6eae53545719baabda0a771bc82b0baf3ef822f9bcdde4bf45ed938fc8205ac3bc20599d168707cb1fb80ab8fb538d7695e7019361525392965da519cac48649f16db5fb7429251dd3ad12354b46229f7db4807a140810e5c2947546c721195f5b9427976399505c793a27d1a75e75421fd2341aa248a8131cbe42a8136d24c53e9de0c8ea763a019294e07483d356d374631aba3066f72e150150352f9d10a0ae2510285f41e63f0259d1bdcb24804f278b7f953ddf7a97ffb86f3abff2ca73f95befc0fbb798f3b177be68b2eb0d106abbb218f52c88693c7eddd16274eb6a880eb2b75f2acf86237aae2b9710d798a8553f154d8d2b0ceae653660975802994c67392b1b292852ec2405a8dd00590244b744f30c3104a5540d00998b27aa0546f9bcc575e4ed00939652d41b26d7a96123416f275c7f2f12bef32ff9c84bfed50c31d220727ebb93d3454c111c90d8129a4de3896a6bbae1d43d1f275cd5cf6b858b26cc0c3862cc7c7a445c2c6e102ba30d890d4d2c7d8ff9005a186324e6ec4724f43819e71cfbb577872e09cc9ab23cd2c3ed9924936c8909e53acab2c523f7575a37164a858d1c8ed003ef161b35fc91e87759ca674ce386bac2a97e3b4d206671afb22366e3cd7d7eb34d249daa5228d8bc9c8169b31381eb9d56c79b18e12a7931a9ef270273599eb950980f699b19df9ef1a70e80a25ca43148a009fe1c1e1bed7ce1c647f3293b0c482ea3b804aeb5bcf65c65cdb92bc5ffaac606366da9e32bf9deeb30e0b8b7fef6ab5ccc84b249b1d35fcf8e558a6e018c5f7ebe2389a0f5ff7aee24aef0a2b16ec36644d95c932b35a31d8be544d915e4cb25ffab1744d63e408188c2829a6651be58d3227cb6d6af6915d1db315f07f28e6315e49f56db99158a7e38ede8466895931a33db171ab2cb20a1b7782d24553dbb8aacf18f7d4c6352a54b427bc44ee4e2b5869fcba44537392e266fb9e31925919a236fd23b57c93546d99e7b8a4499e6673f7779c73d3be947579115c53671ca730302d61f4623847f9b9eefef28e4949a0f9aa004d296a2c166f904a3fc662e6e595f699f7b82e2f464021e3564be8051ce20dbf11df3b47905b219e7da9bd33a749ddf1f5e67ed8d5b317d711d305f36b5a7d59c929676de91cf259dec9227848d1ca93d89b26db393f06d164027cf258065b9e519c07db9c2a05c84d8b0cf869bebd8285bc34053f8424b8260c2679473faca20a8a3036d123e278e4b96c0c454271ddac2a778a7656d53bfa59290a3fe8c626c2423b3479453fb23c61383f706dcc09c3d50db24114e9f18d8a0719d70e920d6c947a5e49dc0ec27611d58ca0945f57cea3eafddd348ba34c54f488c93edf3c13a4b636084f41e82ecd357f8d23eb29d36bdba6fbee3fb1a1eb18893515b4d3b22047bf52454dc1046dc52245a2829e93143627974b61d889d6151df41395273db065b889a7c945500628c6d44bf430ea5a91cb70b8490f557ba9d794696526cfced77fc283d55ae2cd69b6b6c51cd276d0624aeed363cd2f3a71df60531ca65692018a93acdb04d5905c148bced25567dd1b40dd8c5be2482a6064c26512316551d248ccb573bcfab44bf057c3e4174e99b16941e0345309f4196742f3ce65b24e6b9f068751fd0a77c1f7232c40000a709a15e11af8056ac69f0a87c96651a7b17a1f3fc0e032b9de15db5d81a60ce387889115d837a21bbfacdbc4e27c7cbd2d4f44434c01a119a229c0ebe4dd2e8c8206ef0bc9e5620508ec74a9be34c16b89b91e6e9e1b4857696208a8225fe32bc2a94a22042cbf4e6ec157e8821b62bf0f7003fce7f663451590ee8560c97e7c1e824d06e2bc82d1f6473f110f07f1d38fff0760115ad76ec10000	6.1.3-40302
202001280445064_UserTitle	HomeForPets.Infrastructure.PetsDbContext	\\x1f8b0800000000000400dd1d6b6fdcb8f17b81fe07613fb545ce6bc777875c60dfc159c7774613db889d43bf19b4c45d0bd1634fd2e6ec16fd65fdd09fd4bf5052d4836f91d46b7d0802784571389c190e8733d4ccfffef3df939f9ee2c8fb0ab33c4c93d3c5d1c1e1c283899f0661b2395dec8af5376f163ffdf8e73f9dbc0fe227efd7fabd63fc1eea99e4a78bc7a2d8be5d2e73ff11c6203f88433f4bf3745d1cf869bc0441ba7c7d78f8c3f2e8680911880582e579279f764911c6b0fc817eaed2c487db6207a28f6900a3bc7a8e5a6e4ba8de158861be053e3c5dfc92c6f022cd6e60911f5c26eb0ce445b6f38b5d0617de59140284d12d8cd60b0f24495a8002e1fbf6730e6f8b2c4d36b75bf4004477cf5b88de5b832887d53cdeb6af9b4ee9f0359ed2b2ed5883f2777991c696008f8e2b1a2df9ee4e945e343444547c8fa85d3ce35997943c5dac40013769f6bcf0f8c1deaea20cbf78ba285971feeea07ef795573d79d5c8011217fcef95b7da459803a709dc1519885e7937bb8728f4ff0e9fefd22f30394d765144638470426dcc03f4e8264bb7302b9e3fc13587e7e5f9c25bb2fd973c80a6bba42f99d165521cbf5e78570819f010c14600a8d9df1669067f8609cc50efe0061405cc10ff2e03589250c0423126fe558f8a240f2da685f7113c7d80c9a67844a4054f0bef227c8241fda4c2e47312a2b5873a219986c26057e06bb829f1e48645eb21ce17de271895adf963b825abe000b7dcb7dcbec8d2f8531a555d9a86fb3b906d6081304e65adb7e92ef32dd0b9dd423f847284489b1425ae49408a6f97a175b26c655dbb02f00c4da41fbf3787e4e3715da4beee3795c4e3f106927601cb8eb5964184f139fa5f8f8dffbe0b637b50ef13fc720de65d8ac40d24d6503e2725eff34718f405750e73b480f0129a9aaa7730463fd19f4931fde0e7e17a1dfa684585734cbdd42f68fc52ea271f1c3ecdb084d228cd86dfa7b851ce36336887b3ed16597dd965a019fae8f59b51a86a6c7818c823b486a2dc962b9248b7e5aaedbeb224da4d996910b664b6d5d64e688d0077cba51e536eb9d4f89a627419838dc270299b44fa508f05ead06d23d850022ef47395f5a4c6c6d8746ae4a8db7aaa5e9dc380c22bdfd6789a435b9442222cf28e4d3a2ca221746a8755148330d28cf2fabbef871a659526eb308bfb1b4e3720cf7f4fb3e017903f8e4ea05be8ef32b4366e0b106f471fede6314de0d52e7e80e36fd9d45883b1e6eef7f402f8e8b441aceddef03ea4fe977457bc4f026cf77f2e7cf1186008601074ce7c1fe6f905126618acd25d6b3ebb6dfe586d769cab4cd79fb3c1b08a40a8f02bd41b7ffd8a68309016617fe69a6d3768b5a7c3d08251e1c36e9a56f682c65ca8a04b2c86ba45613434cdb676c3877413267a0ad5af8824222d4a1a55cdb644c240f418556f8808950d4a7c48ab0c1d635ba676736078a5486aad9ac6e17a966faf607150f73e20702ff0b919ed3e5f0e04b0c80232eddcda48af4d6da4e3a387f5f19befbe07c1f1f7dfc2e3efa6b797c67734cd769ac3ecc3838ebee99623fd0aa2ddd04399af06a2cebaedfaf2c559acfada5ab61655a9993da2bca20e2358a05d877bddd9d56033e235ad62afeabf5b1b9ca6e5b8a8f769279d5f6e69c3ebfc12ecfeebfc124df4f86b18e043c5b2bb47fd32026ff47eadb56d972b87d9d44a9f99e6d4834fb3d3392d17bc12875f2d18eafe2f16b9284b5fc5137291fab96c9c1adf3d9138e2aa34b143c89b731822ad73de96c9a66efde14c1132e24c515ad760885bd4c0e27a016f5fa8ae1ff437768cfcf50a7406b077ae33b49321389fe026ccd12220778aba1797acdf1c4b4d8687cbc253c1996a195e671b9084ff2c61cdb318877521db5eb2e808278ca5806609e71b1e37bbc2f3f140f730ba6e9b24a18303dcc12b2a5b82f7d5ebad5e54bf256849cdab839c118737785f86b1fb52a2a7738748343e178adff7a2df456815fd1de22bbd44fa6cbbed94e6366c5f8969bfcdde7b0772583187a709378bb33c4ffdb0c487f568d521269621ef93c0d3c79bda519bfb0a1ff1cdb26d54def04212b9e097c175720e235840efcc27d7b65720f741208a03227960884f13de11a940c51c58ccfe260c881626cc702f8043e558d1854921aee230f1c32d88b494e17a19ae7e3ce9063edf720eb730c193d292c06460e5197bd98cc171a28b32274b4ab2cc048ed8e95dfce5acf6b9c58dbbf4d3a2432e3a8f2a600c2926942f66ce26e3529702679130ce0fafe2a9ca294fa9106232b15c3d3c38381218ab842a111585e40e242df25919898b3ce8632533f2d9f71c7d3291d1ab2469d4a4435844a6cae1b9691407ad5bdd4ae8d273fc1585b9f52e772742b1cd5761a651b5304b9909d5304b8217b3cd934b275dfce56ea0cc2d6eec951785b411f37a546163c832a1ac31f3df7b5163efb0ab78abb8d06e6bc2a9004a84a5758f8f28bc4ef22545dd84cfea2f45ade44cca8bfee34f206b7ce443251cca30482b1e75fccd5ce2949f6ebe049953203fa1d42978f292e44e6fa1ca235d5d1237d25e2aff4c669213b38c0e265c56459b5da4ccfad4ac1b7c0201d3c40c541c360920b4fc96c747cd959f410ca2eb3436bf12ec9ec45427f56ee6bd8053bbe8fc571eb635910095e77c1235a9893f4c7fee50536982c3879a122683cb2f838d228824e683fa14a807cceaa83f2cf2f307fc143e1592f00f9a511501caab78182f1218ea2d2c5893a3fc3ab58d3209669ea02f5928d56d180100d97d3b3a57f134a1737328efe82f846064c024719a2eb0d5e7c32228a2f42db0aa3fd2d16255b9952cc0565fda68a18ad13909d0e6fb6401546dcb750090a9791938f9eedc01bc6b9ad229528baa85c47fe846bd24ff148e5fe59d91ca06f746ac054dd1195da460c8449bd7faec4c2da8502d5a351124c70029feec49c08904acfd4e81a890ec3d69feab0971d6ba788ec4a32e447468b655aa4333714500a78b78ce3357325b1993e88c4ab84c78743ef3df45aaa55b16a330895238c9371759502cf11ae9c1a850a94e3511247e7303cfb91309586fb7820215c2bd09c0251c1109a0f1e61af873bb04d7c0834b81a06db0de33172e4d8b73d77a178dfc8b14f28deda0a180caa338320d943a4fede6ea7674b94d7d74bda7bb8c2912c0d40d63eb88a126a6300935a43270bd746e392efba3e46e9f649bec700298ba01a81948759de9a97d20fd595f386c8e994ddbc992a46bad1e9c2c15795d4f3e82ed364c36549ed7ea89774b92bcaebeb9b5cf7a1a13184b9fa1337f286e462ad20c8903d78a2f5d07f022ccf2e21c14e001e0cba0ab20165e630fd58ad3483d96706e16f9571f54ea2ef86fd24d9df0f640a58e5b825ea039e23be4e574a1a83c255d3d9c75174420d37cc9b34aa35d9c744720baa1910bbc3278a4458478b2e4e626f855046a0a4e2f963f46dc53697e27c6954e0e7ba6c9bba9485ca702a5892b4f2bda05456452fbd482e554c24e86e1d473736875ce4e1a52fdcc1c0a93b39306c53498c36b1377d2c0daa7e69098449c3430a6c1023326b726831dd3620e91c9974903641a2ce0e114980c1cfcc042be48364b46b4c823731865ae4a1ac299e8b7d3f66f6f983250d4174f35f31954e1b6513c8155d238c96c8a5665293929dada216caf6b953d5504e6796ec7ec265ec5805005b1d470ee486a404661904716aa957ca9c76856f2c81206953b4e0046b5994365d3fbd130d9161ba5c3e4f063d50fd3648125fd99258324dde0044f4151f91b165223e4e66304486835872cc9d2478396343bc096e0ccb759a87031911fa3cac5660b73a3c9eac7d81acdd3bd51c29228c2401a598caad9eb660318e36869d9deeeb0b1b729c5987dbd7d6c09ab4a1a2600ab9eef8f541107cc509224733e99488fbcdfd83b334908c6ee598574afda8335af8c74f45ef32466dd6fcd2b60a8f709269914bb4d68336069b84967886298aacb90a58667a759f640425461a0de0252c6e6fbc9871cc4b84abdbee64343515dfd998d8175f86120b655573dec99a5ea38dce1550f49b4c1e8e7631fd16762be3cbc32902848afe9d80b861918153b54197e68d6986513d28fc2e7f161e1f3adf31d1c8738c8af04f7decad2af379401d5a4c3613d7cb1b527b44a77c37a68c9b3bd59acf6dbeb658effbe5effc5609fc5d0ffda6393b5db60fb9db9c42536d659b9979bb1a7d932124557691284e5c5f4f22c486581612300b99f8571988042ee2e9f8fb27afaec1d79d90ba693d2b84bd1b0017dc9c1bcbefc627ef8ae7b484fd8b26025bea820db1dbabe88b2dc57ee355f7f5018d821a7bcf26f157cbd574560d598f1773144ee0a5732f8571ad9aa9e34bf9b2b19d57588eefabbc2fd08f2cac2ab0fbe483f6f37f96f51fbe4233288d6302f4866a8c5d1e1c10f5caddefda99bbbccf380c952a9299ecb72698682b661527c5bad3e5d5a4ac794ad649b2523914f475a403d8a0c887a61ca8aa8e3908caf82ca93cbb1a029ae919d93e853af8aa60f691a0d51ced4090e5fcbd4893692b2a44e706415469d00498a85bac169eb7eba090d5dc2b37b958a00a8ea9c4e0850571b0894af20f31f81ac3ce06512c0a7d3c5bfca9e6fbdcb7fdc379d5f79e5b9fcad77e8fd5bcc1bd93be73459f50608b55d598c7a96ee341ebfee6831ba75dd4607dddb2f1d6823113df9ca25d535266ad54f455393557247575c7459664cf6631941ca54a50e3085fa7c4e4a5a5637d1659ad292882e8024a9aa7b82198650aa2a864ec094250ca51bbfc97ce5350d9d9053163424ebae673d43e35da2ee583e7ee55de69f93f0b71d6ab843e4e0360b6e0d0d55f54472c5600ab5398ea9eabe598fb153f3c5d55cd6b858376dc0d38a2cd1c8a495cac69102ba3ad990d4d207e9ff9055a986b26e6ec49a5343819e71cdbb979972909cc94b34cdac3ed9ba4d36c8909e53f05516ea9fbac4d2383a542cabe476829ff8b4daaf6e90031fa7a9df330e8f55357b9c386d70a6b1afa4e326737ddd56231dc55dcae2b8988c6cc51b83e3915be19817eb69713aa9e1290f775293f96e99086a9f19db99ffae118bae58a43cc6a188101a1e1cee7badcc41d62733094b2ca8be036c697d8bcacc98f05b927c4c91ae6b8212325326d9d37d176261f1ef5dc198196589a4d4a3861fbf26cc1412a3f8885e1c47f3f5edde957de95de6c542dc862cec32597a582b01db97d22dd29b4df6ac1f6baf698c1c01831135c5b462a3bc92e664b94d2d3eb2bb67b60afe0f253cc69c545fb71b49743a2ef94d6896985554da131bb74a65abb07127a89f34b58dabfa0e724f6d5ca36a497b224be4f2b54294c62f8e34b52429aec6ef992099d5426a735052ec9ba474cc3cc7254d06379bcbc3e39c9bf6a5b6cc8b909a3aed398581691da5172339caef7df757764cea12cd578a684a5563c1bc41ca0d19ab9997575f68dee3babc2202858c5b41a317708837fcc87cef1c416ed580f6a500d09c2675c7e79ffb6157cf5ee147cc59ccf3b4fa3493db9cb5f57bc8777da78be021459c27b1374dca757e0cb29309f0c963196c795a731e6c73aa1420372d32e067f9f60a16f2fa18fc1092e09a3098e41dfdb08a522cc2d8641f11c723cf656328b29aeb6655b953b4b3aaded1cf4a517d4237365116daa1c92bfa91e559cbf9816b634e18ae6e900da2c8d16f54c1c8b880916c60a3fcf74ae27610b68ba86604a5fcba721955afefa6591c65a2ca4b4c0afce699a0b5b541780a42777db0f90b2d594f99e66d9b73bcffc4862ea6241676d04ecb821cfdea2535551bb4659314990e7a4e52589c5c328661275a9795d04f549e35c156e0269e26174119a022542fd5c36cd78a6488c34d7aa80250bda64c6f66f2f47efd273c58c127de9c660b6ccca16d07ade8e43e3dd6fca233ff0d36c5610a3619a03809df2628c9e4b2b1e82c5d75dabe01b69b71eb2c49158c4cb94ca2a62cea2a89c97a4e969f7609fe6a98fcc23937362d089ca72a813ee34c68deb94cd669edd3e030aa5fe12ef87e8405084001ceb2225c03bf40cdf853e130d92cea3c58efe307185c26d7bb62bb2bd09461fc1031ba02fb4674e397c5a3589c4faeb7e5896888292034433405789dbcdb8551d0e07d21b95cac00819d2ed59726989758eae1e6b98174952686802af235be229ceb2442c0f2ebe4167c852eb821f1fb0037c07f6e3f565401e966044bf693f3106c3210e7158cb63ffa896438889f7efc3f7c55655f59c20000	6.1.3-40302
202001280509341_UserTitleName	HomeForPets.Infrastructure.PetsDbContext	\\x1f8b0800000000000400dd1d6b6fdcb8f17b81fe07613fb545ce6bc777875c60dfc159c7774613db889d43bf19b4c45d0bd1634fd2e6ec16fd65fdd09fd4bf5052d4836f91d46b7d0802784571389c190e8733d4ccfffef3df939f9ee2c8fb0ab33c4c93d3c5d1c1e1c283899f0661b2395dec8af5376f163ffdf8e73f9dbc0fe227efd7fabd63fc1eea99e4a78bc7a2d8be5d2e73ff11c6203f88433f4bf3745d1cf869bc0441ba7c7d78f8c3f2e8680911880582e579279f764911c6b0fc817eaed2c487db6207a28f6900a3bc7a8e5a6e4ba8de158861be053e3c5dfc92c6f022cd6e60911f5c26eb0ce445b6f38b5d0617de59140284d12d8cd60b0f24495a8002e1fbf6730e6f8b2c4d36b75bf4004477cf5b88de5b832887d53cdeb6af9b4ee9f0359ed2b2ed5883f2777991c696008f8e2b1a2df9ee4e945e343444547c8fa85d3ce35997943c5dac40013769f6bcf0f8c1deaea20cbf78ba285971feeea07ef795573d79d5c8011217fcef95b7da459803a709dc1519885e7937bb8728f4ff0e9fefd22f30394d765144638470426dcc03f4e8264bb7302b9e3fc13587e7e5f9c25bb2fd973c80a6bba42f99d165521cbf5e78570819f010c14600a8d9df1669067f8609cc50efe0061405cc10ff2e03589250c0423126fe558f8a240f2da685f7113c7d80c9a67844a4054f0bef227c8241fda4c2e47312a2b5873a219986c26057e06bb829f1e48645eb21ce17de271895adf963b825abe000b7dcb7dcbec8d2f8531a555d9a86fb3b906d6081304e65adb7e92ef32dd0b9dd423f847284489b1425ae49408a6f97a175b26c655dbb02f00c4da41fbf3787e4e3715da4beee3795c4e3f106927601cb8eb5964184f139fa5f8f8dffbe0b637b50ef13fc720de65d8ac40d24d6503e2725eff34718f405750e73b480f0129a9aaa7730463fd19f4931fde0e7e17a1dfa684585734cbdd42f68fc52ea271f1c3ecdb084d228cd86dfa7b851ce36336887b3ed16597dd965a019fae8f59b51a86a6c7818c823b486a2dc962b9248b7e5aaedbeb224da4d996910b664b6d5d64e688d0077cba51e536eb9d4f89a627419838dc270299b44fa508f05ead06d23d850022ef47395f5a4c6c6d8746ae4a8db7aaa5e9dc380c22bdfd6789a435b9442222cf28e4d3a2c2238ce1983b78c6210469a515e7ff7fd50a3acd2641d66717fe3e906e4f9ef6916fc02f2c7d109740bfd5d86d6c76d01e2ede8a3dd3ca609bcdac50f70fc6d9b1a6b30d6dcfd9e5e001f9d3888c5dd1bde87d4ff92ee8af749806dffcf852f1e050c010c82ce99efc33cbf40c20c8355ba6b4d68370300abce8e556ebafe9c8d86550442856fa1defceb5744a381b4087b34d76cbb49abbd1d86568c0a1f76e3b4b219342643055d6235d42d0ac3a169b6b51d3ea49b30d153a87e4524116951d2a86ab6251206a2c7a87a4344a86c50e2435a65e818db33b5ab03c32b45526bd9344ed7b37c7b058b83baf701817b81cfce68f7f972208045569069e7d64e7a6d6a271d1f3dac8fdf7cf73d088ebfff161e7f37bdcd34beb369b6131d661f1e74f44db71ce95710ed861eca7c351075d66ddb972fce62d9d716b3b5a84a4ded11e5157518c102ed3ae0ebceaf069b11af69157b55ffdddae0442dc745bd4f3be9fc724b1b5ee79760f75fe79768a2c75fc3001f2a96dd3dea971178a3f76bad6dbb5c39cca656facc34a71e7c9a9dce69b9e09538fc6ac150f77fb1c84559fa2a9e908bd4cf65e3d4f8ee89c41177a5891d42de9cc310691df4b64c3675ed0f678a9011678ad4ba0644dc220716570c78fb427505a1bfb163e4b357a03380bd739da19d0cc1f90437618e1601b957d4bdb864fde6586a323c5c169e0ace54cbf03adb8024fc67096b9ec538ac0bd9f6a2454738612c05344b48dff0b8d915a28f07ba8bd175e324091d1ce00e5e51d912bcaf5e6ff5a2fa2d414b6a5e1de48c38bcc1fb328cdd9712419d3b44a2f1b950fcbe17fd2e42abe8ef105fe925d267db6da734b7a1fb4a4cfb6df6de3b90c38a393c4db8599ce579ea87253eac47ab0e31b10c799f049e3eded48edadc59f8886f976da3f2961792c805bf0cae937318c1027a673eb9babd02b90f02511c10c903437c9af08e48052ae6c062f6376140b43061867b011c2ac78a2e4c0a711587891f6e41a4a50cd7cb70f5e34937f0f99673b885099e94960426032bcfd8cb660c8e135d9439595292652670c44eefe22f67b5cf2d6edcc59f161d72d9795401634831a17c3173361997ba18388b84717e78154f554e794a85109389e5eae1c1c191c058255489a8282477206991cfca485ce4411f2b9991cfbee7e893898c5e2549a3261dc22232550ecf4da33868ddea5642979ee3af28ccad77b93b118a6dbe0a338daa8559ca4ca8865912bc986d9e5c3ae9e22f7703656e7163afbc28a48d98d7a30a1b439609658d99ffde8b1a7b8f5dc55bc5a5765b134e0550222cad7b7c44e175922f29ea267c567f2d6a2567525ef41f7f0259e3231f2ae15086415af1a8e36fe612a7fc7cf325c89c02f909a54ec1939724777a0b551ee9ea92b891f652f9a732939c98657430e1b22adaec2265d6a766dde01308982666a0e2b04900a1e5b73c3e6aaefc0c62105da7b1f99560f724a63aa97733ef059cda45e7bff2b0ad8904a83ce793a8494dfc61fa73879a4a131c3ed49430195c7e196c144124311fd4a7403d605647fd61919f3fe0a7f0a990847fd08caa08505ec5c37891c0506f61c19a1ce517aa6d944930f3047dc942a96ec30800c8eedbd1b98aa7099d9b4379477f210423032689d37481ad3e21164111a56f8155fd918e16abcaad6401b6fad2460b558cce498036df280ba06a5bae03804ccdcbc0c977e70ee05dd3944e915a542d24fe4337ea25f9a770fc2aef8c5436b837622d688acee822054326dabcd667676a41856ad1aa8920390648f1674f024e2460ed770a448564ef49f35f4d88b3d6c573241e7521a243b3ad521d9a892b02385dc4739eb992d9ca98446754c265c2a3f399ff2e522dddb218854994c249beb9c8826289d7480f46854a75aa8920f19b1b78ce9d48c07abb1514a810ee4d002ee98848008d37d7c09fdb25b8061e5c0a046d83f59eb970695a9cbbd6bb68e45fa4906f6c070d05541ec59169a0d4796a3757b7a3cb6deaa3eb3ddd654c9100a66e185b470c35318549a8219581eba573cb71d91f2577fb24db648713c0d40d40cd40aaeb4c4fed03e9cffac26173cc6cda4e9624656bf5e064a9c8ed7af2116cb761b2a172bd564fbc5b92e875f5cdad7de6d398c058fa0c9df9437133529166481cb8567ce93a8017619617e7a0000f005f065d05b1f01a7ba8569c46eab18473b3c8bffaa05277c17f936eeaa4b7072a75dc12f402cd11df212fa70b45e529e9eae1ccbb200299e64b9e551aede2a43b02d10d8d5ce095c1232d22c493253737c1af225053707ab1fc31e29e4af33b31ae7472d8334dde4d45e23a1d284d5c796ad12e282293daa7162ca79276320ca79e9b43abf376d290ea67e65098bc9d3428a6c11c5e9bbc9306d63e3587c424e3a481310d169831f93519ec981673884cce4c1a20d360010fa7c164e0e00716f245325a32a2451e99c328f355d210ce44bf9db67f7bc39481a2be78aa99cfa00ab78de209ac92c6496653b42a4bc949d1d60e617b5dabeca92230cf733b6637f12a06842a88a58673d7a607649446fbd842c5922ff6180d4b1e59c2a072c809c0a83673a86c9a3f1a26db62a37c985c7eac1a629a2cb0a43fb76490a41b9ce029282a7fc3427a841c7d8c1009ade69025d9fa68d0926607d8129cf9360b552e26f46354bad86c617634d9fd189ba379ba37ca58124d1848338bd1357b1d6d00631c6d2ddbe31d36f836b518b3bfb78f2d6155c9c30460d5f3fd912ae288194a92644e2813e991f71b7b872689c1d83dab90ee557bb0e695118fde6b9ec4aefbad79050cf53ec1249562b7096d262c0d37e94c510c537599b2d4f0ec34cb1e48882a1cd45b40ca187d3ff990831857a9d7d77d6828aa2b40b331b00e430cc4b6eaca873db3541d873bc4ea21893618fd7ceca3fa4ccc978759061205e9751d7bc13003a362872ad30fcd1ab3ac42fa51f87c3e2c7cbe75be83e31007f995e0e65b59faf78632a09ab438aca72fb6f68856696f584f2d79b6378bd57e7bbdccf1dfd7ebbf18ecb318fa5f7b6cb2761b6cbf3397b8c4c63a2bf77237f6345b46a2e82a4d82b0bca05e9e05a96c306c2420f7b3300e1350c8dde6f351564f9fbd232f7bd174521a77291a36b02f3998d79760cc0fdf750fe9095b16b4c4171664bb43d7975196fbcabde62b100a033be49457ffad82b0f7aa48ac1a33fe4e86c85de16a06ff4a235bd593e6777335a3ba16d15d8b57b827415e5978f5c117e9e7ed26ff2d6a9f7c4406d11ae605c910b5383a3cf881abdbbb3f357497791e30d92a358574592ecd50dc364c8a6fabd5a74b4fe998ba956cb36424f209490ba847b101512f4c591d751c92f115517972391637c5f5b273127dea55ddf4214da3214a9b3ac1e1eb9a3ad14652a2d4098eacdaa8132049e15037386d0d5037a1a1cb7976af52110055a9d30901ea8a0381f21564fe2390950abc4c02f874baf857d9f3ad77f98ffba6f32baf3c97bff50ebd7f8bf9237be79e26abde00a1b62b8b51cf329ec6e3d71d2d46b7aee1e8a07bfba5056d24a2275fb9e4bac644adfaa9686ab24aeef8ea8b2e4b8dc9842c234a99b6d401a650abcf4951cb6a28ba4c535a1ed10590246d754f30c3104a55d1d00998b29ca174f33799afbcbea11372cae28664edf5ac6d68bc53d41dcbc7afbccbfc7312feb6430d77881cdc86c1ada1a12aa048ae194ca13ac73157dd37ec31766bbed09acb1a176ba80d786291251d99b46ad9385240572a1b925afa40fd1fb242d55016ce8d587f6a28d033ae79f792530e923379b9a699d5275bc3c90619d2730abecac2fd53975b1a47878a2596dc4ef1139f58fbd51072e0e334b57cc6e1b1aa7e8f13a70dce34f65575dc64aeafeb6aa4e3b84b891c179391ad7e63703c722b22f362bd2d4e27353ce5e14e6a32ff2d1345ed33633bf3df356ad1158f94c739145142c383c37daf9539c8fa6426618905d577802dad6f819919937f4b12912952774d504e66ca847bba6f432c2cfebd2b1e33a32c91f47ad4f0e3d787994262141fd48be368bec4ddbb1230bd4bbe5888db90455e264b156b2560fb52c6457abbc99ef563ed358d91236030a2a698566c94d7d29c2cb7a9c54776ffcc56c1ffa184c79893ea2b7723894ec745bf09cd12b3ea4a7b62e356696d1536ee04b594a6b67155df42eea98d6b5439694f64895cc05688d2f88592a69624c5f5f83d1324b3ba486d3e4a8a7d93949199e7b8a4c9e6667381789c73d3bed49979115253a740a73030ada9f4622447f9cdeffeca8e498da2f9ca124da96a2c983748e9216335f3f26a0dcd7b5c975747a090712b6ef4020ef1861f9aef9d23c8ad32d0be14039ad3a4eef804743fecead9abfd88f98b799e569f67729bb3b6960ff9b6ef74113ca488f324f6a649bfce8f417632013e792c832d4f71ce836d4e9502e4a64506fc2cdf5ec1425e2b831f42125c130693bca31f56519645189bec23e278e4b96c0c458673ddac2a778a7656d53bfa59292a51e8c626ca423b3479453fb23c83393f706dcc09c3d50db24114f9fa8daa19191733920d6c940b5f49dc0ec27611d58ca0945f572ea3eaf5dd348ba34c5485894987df3c13b4b636084f41e8ae15367fd125eb29d3bc6df38ff79fd8d08595c4220fda695990a35feda4a68283b6849222db41cf490a8b934bc830ec44eb1213fa89ca3327d80adcc4d3e42228035487eaa57a98ed5a911071b8490f550caad794e9cd4c9ee2afff84072bfec49bd36cb18d39b4eda0d59ddca7c79a5f74f6bfc1a6384cf126031427e1db04e5995c36169da5ab4edd37c076336ecd25a98291299749d494458d253161cfc9f2d32ec15f0d935f38efc6a60581735525d0679c09cd3b97c93aad7d1a1c46f52bdc05df8fb0000128c05956846be017a8197f2a1c269b459d0beb7dfc0083cbe47a576c77059a328c1f22465760df886efcb290148bf3c9f5b63c110d3105846688a600af9377bb300a1abc2f24978b1520b0d3a5fad204f3124b3ddc3c3790aed2c4105045bec65784f39d4408587e9ddc82afd00537247e1fe006f8cfedc78a2a20dd8c60c97e721e824d06e2bc82d1f6473f910c07f1d38fff07f16d3bbe69c20000	6.1.3-40302
\.


--
-- Name: AspNetUserClaims_Id_seq; Type: SEQUENCE SET; Schema: dbo; Owner: postgres
--

SELECT pg_catalog.setval('dbo."AspNetUserClaims_Id_seq"', 1, false);


--
-- Name: Categories_CategoryID_seq; Type: SEQUENCE SET; Schema: dbo; Owner: postgres
--

SELECT pg_catalog.setval('dbo."Categories_CategoryID_seq"', 2, true);


--
-- Name: Forms_FormID_seq; Type: SEQUENCE SET; Schema: dbo; Owner: postgres
--

SELECT pg_catalog.setval('dbo."Forms_FormID_seq"', 18, true);


--
-- Name: Images_ImageID_seq; Type: SEQUENCE SET; Schema: dbo; Owner: postgres
--

SELECT pg_catalog.setval('dbo."Images_ImageID_seq"', 31, true);


--
-- Name: OrderForRegistrations_OrderForRegistrationID_seq; Type: SEQUENCE SET; Schema: dbo; Owner: postgres
--

SELECT pg_catalog.setval('dbo."OrderForRegistrations_OrderForRegistrationID_seq"', 12, true);


--
-- Name: Species_SpecieID_seq; Type: SEQUENCE SET; Schema: dbo; Owner: postgres
--

SELECT pg_catalog.setval('dbo."Species_SpecieID_seq"', 6, true);


--
-- Name: AspNetRoles PK_dbo.AspNetRoles; Type: CONSTRAINT; Schema: dbo; Owner: postgres
--

ALTER TABLE ONLY dbo."AspNetRoles"
    ADD CONSTRAINT "PK_dbo.AspNetRoles" PRIMARY KEY ("Id");


--
-- Name: AspNetUserClaims PK_dbo.AspNetUserClaims; Type: CONSTRAINT; Schema: dbo; Owner: postgres
--

ALTER TABLE ONLY dbo."AspNetUserClaims"
    ADD CONSTRAINT "PK_dbo.AspNetUserClaims" PRIMARY KEY ("Id");


--
-- Name: AspNetUserLogins PK_dbo.AspNetUserLogins; Type: CONSTRAINT; Schema: dbo; Owner: postgres
--

ALTER TABLE ONLY dbo."AspNetUserLogins"
    ADD CONSTRAINT "PK_dbo.AspNetUserLogins" PRIMARY KEY ("LoginProvider", "ProviderKey", "UserId");


--
-- Name: AspNetUserRoles PK_dbo.AspNetUserRoles; Type: CONSTRAINT; Schema: dbo; Owner: postgres
--

ALTER TABLE ONLY dbo."AspNetUserRoles"
    ADD CONSTRAINT "PK_dbo.AspNetUserRoles" PRIMARY KEY ("UserId", "RoleId");


--
-- Name: AspNetUsers PK_dbo.AspNetUsers; Type: CONSTRAINT; Schema: dbo; Owner: postgres
--

ALTER TABLE ONLY dbo."AspNetUsers"
    ADD CONSTRAINT "PK_dbo.AspNetUsers" PRIMARY KEY ("Id");


--
-- Name: Categories PK_dbo.Categories; Type: CONSTRAINT; Schema: dbo; Owner: postgres
--

ALTER TABLE ONLY dbo."Categories"
    ADD CONSTRAINT "PK_dbo.Categories" PRIMARY KEY ("CategoryID");


--
-- Name: Forms PK_dbo.Forms; Type: CONSTRAINT; Schema: dbo; Owner: postgres
--

ALTER TABLE ONLY dbo."Forms"
    ADD CONSTRAINT "PK_dbo.Forms" PRIMARY KEY ("FormID");


--
-- Name: ImageForms PK_dbo.ImageForms; Type: CONSTRAINT; Schema: dbo; Owner: postgres
--

ALTER TABLE ONLY dbo."ImageForms"
    ADD CONSTRAINT "PK_dbo.ImageForms" PRIMARY KEY ("Image_ImageID", "Form_FormID");


--
-- Name: Images PK_dbo.Images; Type: CONSTRAINT; Schema: dbo; Owner: postgres
--

ALTER TABLE ONLY dbo."Images"
    ADD CONSTRAINT "PK_dbo.Images" PRIMARY KEY ("ImageID");


--
-- Name: OrderForRegistrations PK_dbo.OrderForRegistrations; Type: CONSTRAINT; Schema: dbo; Owner: postgres
--

ALTER TABLE ONLY dbo."OrderForRegistrations"
    ADD CONSTRAINT "PK_dbo.OrderForRegistrations" PRIMARY KEY ("OrderForRegistrationID");


--
-- Name: Species PK_dbo.Species; Type: CONSTRAINT; Schema: dbo; Owner: postgres
--

ALTER TABLE ONLY dbo."Species"
    ADD CONSTRAINT "PK_dbo.Species" PRIMARY KEY ("SpecieID");


--
-- Name: __MigrationHistory PK_dbo.__MigrationHistory; Type: CONSTRAINT; Schema: dbo; Owner: postgres
--

ALTER TABLE ONLY dbo."__MigrationHistory"
    ADD CONSTRAINT "PK_dbo.__MigrationHistory" PRIMARY KEY ("MigrationId", "ContextKey");


--
-- Name: AspNetRoles_RoleNameIndex; Type: INDEX; Schema: dbo; Owner: postgres
--

CREATE UNIQUE INDEX "AspNetRoles_RoleNameIndex" ON dbo."AspNetRoles" USING btree ("Name");


--
-- Name: AspNetUserClaims_IX_UserId; Type: INDEX; Schema: dbo; Owner: postgres
--

CREATE INDEX "AspNetUserClaims_IX_UserId" ON dbo."AspNetUserClaims" USING btree ("UserId");


--
-- Name: AspNetUserLogins_IX_UserId; Type: INDEX; Schema: dbo; Owner: postgres
--

CREATE INDEX "AspNetUserLogins_IX_UserId" ON dbo."AspNetUserLogins" USING btree ("UserId");


--
-- Name: AspNetUserRoles_IX_RoleId; Type: INDEX; Schema: dbo; Owner: postgres
--

CREATE INDEX "AspNetUserRoles_IX_RoleId" ON dbo."AspNetUserRoles" USING btree ("RoleId");


--
-- Name: AspNetUserRoles_IX_UserId; Type: INDEX; Schema: dbo; Owner: postgres
--

CREATE INDEX "AspNetUserRoles_IX_UserId" ON dbo."AspNetUserRoles" USING btree ("UserId");


--
-- Name: AspNetUsers_IX_ImageID; Type: INDEX; Schema: dbo; Owner: postgres
--

CREATE INDEX "AspNetUsers_IX_ImageID" ON dbo."AspNetUsers" USING btree ("ImageID");


--
-- Name: AspNetUsers_UserNameIndex; Type: INDEX; Schema: dbo; Owner: postgres
--

CREATE UNIQUE INDEX "AspNetUsers_UserNameIndex" ON dbo."AspNetUsers" USING btree ("UserName");


--
-- Name: Forms_IX_AppUserId; Type: INDEX; Schema: dbo; Owner: postgres
--

CREATE INDEX "Forms_IX_AppUserId" ON dbo."Forms" USING btree ("AppUserId");


--
-- Name: Forms_IX_CategoryID; Type: INDEX; Schema: dbo; Owner: postgres
--

CREATE INDEX "Forms_IX_CategoryID" ON dbo."Forms" USING btree ("CategoryID");


--
-- Name: Forms_IX_SpecieID; Type: INDEX; Schema: dbo; Owner: postgres
--

CREATE INDEX "Forms_IX_SpecieID" ON dbo."Forms" USING btree ("SpecieID");


--
-- Name: ImageForms_IX_Form_FormID; Type: INDEX; Schema: dbo; Owner: postgres
--

CREATE INDEX "ImageForms_IX_Form_FormID" ON dbo."ImageForms" USING btree ("Form_FormID");


--
-- Name: ImageForms_IX_Image_ImageID; Type: INDEX; Schema: dbo; Owner: postgres
--

CREATE INDEX "ImageForms_IX_Image_ImageID" ON dbo."ImageForms" USING btree ("Image_ImageID");


--
-- Name: OrderForRegistrations_IX_ImageID; Type: INDEX; Schema: dbo; Owner: postgres
--

CREATE INDEX "OrderForRegistrations_IX_ImageID" ON dbo."OrderForRegistrations" USING btree ("ImageID");


--
-- Name: Species_IX_CategoryID; Type: INDEX; Schema: dbo; Owner: postgres
--

CREATE INDEX "Species_IX_CategoryID" ON dbo."Species" USING btree ("CategoryID");


--
-- Name: AspNetUserClaims FK_dbo.AspNetUserClaims_dbo.AspNetUsers_UserId; Type: FK CONSTRAINT; Schema: dbo; Owner: postgres
--

ALTER TABLE ONLY dbo."AspNetUserClaims"
    ADD CONSTRAINT "FK_dbo.AspNetUserClaims_dbo.AspNetUsers_UserId" FOREIGN KEY ("UserId") REFERENCES dbo."AspNetUsers"("Id") ON DELETE CASCADE;


--
-- Name: AspNetUserLogins FK_dbo.AspNetUserLogins_dbo.AspNetUsers_UserId; Type: FK CONSTRAINT; Schema: dbo; Owner: postgres
--

ALTER TABLE ONLY dbo."AspNetUserLogins"
    ADD CONSTRAINT "FK_dbo.AspNetUserLogins_dbo.AspNetUsers_UserId" FOREIGN KEY ("UserId") REFERENCES dbo."AspNetUsers"("Id") ON DELETE CASCADE;


--
-- Name: AspNetUserRoles FK_dbo.AspNetUserRoles_dbo.AspNetRoles_RoleId; Type: FK CONSTRAINT; Schema: dbo; Owner: postgres
--

ALTER TABLE ONLY dbo."AspNetUserRoles"
    ADD CONSTRAINT "FK_dbo.AspNetUserRoles_dbo.AspNetRoles_RoleId" FOREIGN KEY ("RoleId") REFERENCES dbo."AspNetRoles"("Id") ON DELETE CASCADE;


--
-- Name: AspNetUserRoles FK_dbo.AspNetUserRoles_dbo.AspNetUsers_UserId; Type: FK CONSTRAINT; Schema: dbo; Owner: postgres
--

ALTER TABLE ONLY dbo."AspNetUserRoles"
    ADD CONSTRAINT "FK_dbo.AspNetUserRoles_dbo.AspNetUsers_UserId" FOREIGN KEY ("UserId") REFERENCES dbo."AspNetUsers"("Id") ON DELETE CASCADE;


--
-- Name: AspNetUsers FK_dbo.AspNetUsers_dbo.Images_ImageID; Type: FK CONSTRAINT; Schema: dbo; Owner: postgres
--

ALTER TABLE ONLY dbo."AspNetUsers"
    ADD CONSTRAINT "FK_dbo.AspNetUsers_dbo.Images_ImageID" FOREIGN KEY ("ImageID") REFERENCES dbo."Images"("ImageID");


--
-- Name: Forms FK_dbo.Forms_dbo.AspNetUsers_AppUserId; Type: FK CONSTRAINT; Schema: dbo; Owner: postgres
--

ALTER TABLE ONLY dbo."Forms"
    ADD CONSTRAINT "FK_dbo.Forms_dbo.AspNetUsers_AppUserId" FOREIGN KEY ("AppUserId") REFERENCES dbo."AspNetUsers"("Id") ON DELETE CASCADE;


--
-- Name: Forms FK_dbo.Forms_dbo.Categories_CategoryID; Type: FK CONSTRAINT; Schema: dbo; Owner: postgres
--

ALTER TABLE ONLY dbo."Forms"
    ADD CONSTRAINT "FK_dbo.Forms_dbo.Categories_CategoryID" FOREIGN KEY ("CategoryID") REFERENCES dbo."Categories"("CategoryID") ON DELETE CASCADE;


--
-- Name: Forms FK_dbo.Forms_dbo.Species_SpecieID; Type: FK CONSTRAINT; Schema: dbo; Owner: postgres
--

ALTER TABLE ONLY dbo."Forms"
    ADD CONSTRAINT "FK_dbo.Forms_dbo.Species_SpecieID" FOREIGN KEY ("SpecieID") REFERENCES dbo."Species"("SpecieID") ON DELETE CASCADE;


--
-- Name: ImageForms FK_dbo.ImageForms_dbo.Forms_Form_FormID; Type: FK CONSTRAINT; Schema: dbo; Owner: postgres
--

ALTER TABLE ONLY dbo."ImageForms"
    ADD CONSTRAINT "FK_dbo.ImageForms_dbo.Forms_Form_FormID" FOREIGN KEY ("Form_FormID") REFERENCES dbo."Forms"("FormID") ON DELETE CASCADE;


--
-- Name: ImageForms FK_dbo.ImageForms_dbo.Images_Image_ImageID; Type: FK CONSTRAINT; Schema: dbo; Owner: postgres
--

ALTER TABLE ONLY dbo."ImageForms"
    ADD CONSTRAINT "FK_dbo.ImageForms_dbo.Images_Image_ImageID" FOREIGN KEY ("Image_ImageID") REFERENCES dbo."Images"("ImageID") ON DELETE CASCADE;


--
-- Name: OrderForRegistrations FK_dbo.OrderForRegistrations_dbo.Images_ImageID; Type: FK CONSTRAINT; Schema: dbo; Owner: postgres
--

ALTER TABLE ONLY dbo."OrderForRegistrations"
    ADD CONSTRAINT "FK_dbo.OrderForRegistrations_dbo.Images_ImageID" FOREIGN KEY ("ImageID") REFERENCES dbo."Images"("ImageID") ON DELETE CASCADE;


--
-- Name: Species FK_dbo.Species_dbo.Categories_CategoryID; Type: FK CONSTRAINT; Schema: dbo; Owner: postgres
--

ALTER TABLE ONLY dbo."Species"
    ADD CONSTRAINT "FK_dbo.Species_dbo.Categories_CategoryID" FOREIGN KEY ("CategoryID") REFERENCES dbo."Categories"("CategoryID") ON DELETE CASCADE;


--
-- PostgreSQL database dump complete
--

